date,stock_id,Trading_Volume,Trading_money,open,max,min,close,spread,Trading_turnover
2020-01-02,1313,1174682,13145507,11.1,11.25,11.1,11.15,0.05,432
2020-01-03,1313,5281897,60260991,11.25,11.6,11.2,11.55,0.4,1683
2020-01-06,1313,7101258,82368513,11.75,11.9,11.35,11.35,-0.2,2102
2020-01-07,1313,2659141,29700256,11.35,11.35,11.05,11.15,-0.2,982
2020-01-08,1313,2889943,31787271,11.1,11.1,10.9,10.9,-0.25,908
2020-01-09,1313,1351186,14778273,10.95,11.0,10.9,10.95,0.05,381
2020-01-10,1313,1029695,11186130,10.95,10.95,10.8,10.85,-0.1,453
2020-01-13,1313,1620678,17629526,10.85,10.95,10.8,10.9,0.05,321
2020-01-14,1313,972640,10561180,10.9,10.9,10.8,10.85,-0.05,367
2020-01-15,1313,830227,9085376,10.85,11.0,10.85,10.95,0.1,326
2020-01-16,1313,870413,9476794,10.95,10.95,10.85,10.9,-0.05,313
2020-01-17,1313,899927,9783440,10.9,10.95,10.8,10.9,0.0,385
2020-01-20,1313,568680,6210268,10.9,10.95,10.9,10.9,0.0,280
2020-01-30,1313,3451159,35411818,10.4,10.4,10.1,10.1,-0.8,997
2020-01-31,1313,1398539,14159487,10.1,10.2,10.05,10.2,0.1,382
2020-02-03,1313,2099461,20739456,10.0,10.0,9.74,9.96,-0.24,676
2020-02-04,1313,1639363,16448395,9.98,10.15,9.89,10.1,0.14,442
2020-02-05,1313,1603347,16064410,10.05,10.1,9.96,10.0,-0.1,495
2020-02-06,1313,1160160,11677859,10.0,10.15,10.0,10.15,0.15,391
2020-02-07,1313,1283248,12874699,10.15,10.15,9.98,10.1,-0.05,361
2020-02-10,1313,984467,9838940,10.05,10.05,9.95,10.0,-0.1,310
2020-02-11,1313,1140975,11391880,9.98,10.05,9.96,10.05,0.05,411
2020-02-12,1313,770688,7726530,10.0,10.05,10.0,10.0,-0.05,252
2020-02-13,1313,1185758,11895050,10.0,10.1,9.99,10.0,0.0,373
2020-02-14,1313,708869,7104740,10.0,10.05,10.0,10.0,0.0,276
2020-02-17,1313,769563,7689090,10.0,10.05,9.98,9.99,-0.01,315
2020-02-18,1313,513101,5131859,9.99,10.05,9.97,10.05,0.06,205
2020-02-19,1313,898716,9071221,10.05,10.15,10.0,10.1,0.05,358
2020-02-20,1313,2302884,23726783,10.15,10.45,10.15,10.35,0.25,630
2020-02-21,1313,541313,5543105,10.3,10.3,10.2,10.25,-0.1,239
2020-02-24,1313,1029410,10389113,10.2,10.2,10.05,10.05,-0.2,356
2020-02-25,1313,1050272,10501282,10.0,10.05,9.95,10.05,0.0,323
2020-02-26,1313,845723,8472943,10.05,10.1,9.98,10.05,0.0,250
2020-02-27,1313,1536102,15351049,10.05,10.05,9.96,9.96,-0.09,512
2020-03-02,1313,1750801,17252410,9.89,9.93,9.78,9.84,-0.12,582
2020-03-03,1313,979153,9693498,9.96,9.97,9.86,9.89,0.05,377
2020-03-04,1313,956287,9506520,9.86,10.05,9.86,10.05,0.16,403
2020-03-05,1313,1197835,12050434,10.05,10.1,10.0,10.1,0.05,307
2020-03-06,1313,1105555,11009966,10.1,10.1,9.91,9.93,-0.17,435
2020-03-09,1313,2408372,23224877,9.85,9.85,9.52,9.52,-0.41,1056
2020-03-10,1313,2250164,20766860,9.31,9.35,9.01,9.3,-0.22,740
2020-03-11,1313,1058517,9808973,9.3,9.37,9.18,9.2,-0.1,405
2020-03-12,1313,3496395,30488781,9.18,9.18,8.55,8.65,-0.55,1155
2020-03-13,1313,4052895,32106926,8.1,8.18,7.82,8.16,-0.49,1167
2020-03-16,1313,2577919,21356188,8.21,8.44,8.11,8.23,0.07,869
2020-03-17,1313,1758296,14104927,8.0,8.13,7.95,8.02,-0.21,660
2020-03-18,1313,1944225,15632840,8.03,8.1,8.0,8.0,-0.02,654
2020-03-19,1313,5611550,41287192,7.65,7.74,7.2,7.21,-0.79,1267
2020-03-20,1313,2672406,20345307,7.3,7.76,7.3,7.62,0.41,784
2020-03-23,1313,1187757,8613468,7.01,7.38,7.01,7.28,-0.34,466
2020-03-24,1313,1253959,9450140,7.33,7.63,7.33,7.58,0.3,512
2020-03-25,1313,1543355,12264486,7.78,8.03,7.78,7.93,0.35,569
2020-03-26,1313,1096486,8742273,8.06,8.06,7.8,8.0,0.07,456
2020-03-27,1313,1250359,10170669,8.1,8.18,8.09,8.14,0.14,510
2020-03-30,1313,1469402,11904657,8.02,8.29,7.9,8.13,-0.01,482
2020-03-31,1313,990550,7953227,8.02,8.13,7.9,7.97,0.0,385
2020-04-01,1313,480593,3835654,7.97,8.03,7.93,7.98,0.01,236
2020-04-06,1313,1336799,10786473,8.01,8.15,8.01,8.11,0.13,612
2020-04-07,1313,1160165,9561178,8.21,8.3,8.15,8.3,0.19,476
2020-04-08,1313,1617407,13697206,8.3,8.59,8.25,8.59,0.29,683
2020-04-09,1313,1453550,12630578,8.73,8.77,8.59,8.72,0.13,599
2020-04-10,1313,1543439,13591439,8.73,8.92,8.72,8.86,0.14,512
2020-04-13,1313,1751724,15835590,8.86,9.18,8.83,9.02,0.16,772
2020-04-14,1313,1657850,15176132,9.02,9.21,9.02,9.2,0.18,535
2020-04-15,1313,1784475,16548019,9.3,9.33,9.16,9.24,0.04,756
2020-04-16,1313,2106716,19261187,9.2,9.27,9.06,9.1,-0.14,641
2020-04-17,1313,1954431,17922079,9.21,9.34,9.01,9.06,-0.04,762
2020-04-20,1313,972767,8757443,9.06,9.09,8.94,9.0,-0.06,446
2020-04-21,1313,1960250,17103768,9.0,9.0,8.53,8.62,-0.38,842
2020-04-22,1313,1551942,13605249,8.59,8.91,8.45,8.84,0.22,593
2020-04-23,1313,1394367,12639183,9.0,9.12,8.97,9.06,0.22,544
2020-04-24,1313,2110019,19557581,9.1,9.39,9.02,9.38,0.32,825
2020-04-27,1313,3088802,29998991,9.45,9.86,9.45,9.7,0.32,1081
2020-04-28,1313,2199045,21175588,9.8,9.8,9.51,9.7,0.0,713
2020-04-29,1313,2378013,23382228,9.71,9.9,9.71,9.75,0.05,819
2020-04-30,1313,3015445,30056799,9.8,10.05,9.8,10.0,0.25,960
2020-05-04,1313,1925141,18638704,9.78,9.78,9.63,9.65,-0.35,724
2020-05-05,1313,1509997,14638097,9.65,9.77,9.64,9.71,0.06,377
2020-05-06,1313,1233192,12047982,9.74,9.84,9.69,9.7,-0.01,410
2020-05-07,1313,1372888,13409886,9.75,9.88,9.65,9.88,0.18,473
2020-05-08,1313,1587515,15521519,9.89,9.91,9.7,9.71,-0.17,517
2020-05-11,1313,1648677,15901068,9.62,9.7,9.6,9.62,-0.09,522
2020-05-12,1313,1654457,15757997,9.62,9.62,9.22,9.5,-0.12,630
2020-05-13,1313,913152,8612361,9.5,9.51,9.33,9.43,-0.07,286
2020-05-14,1313,2020282,18685820,9.4,9.4,9.13,9.16,-0.27,513
2020-05-15,1313,1552394,14312643,9.24,9.38,9.1,9.31,0.15,433
2020-05-18,1313,906376,8469208,9.29,9.45,9.23,9.26,-0.05,312
2020-05-19,1313,3045520,28992685,9.35,9.66,9.34,9.52,0.26,976
2020-05-20,1313,864921,8181269,9.47,9.52,9.4,9.41,-0.11,344
2020-05-21,1313,920238,8696338,9.41,9.53,9.4,9.43,0.02,360
2020-05-22,1313,1385583,12887021,9.4,9.41,9.25,9.27,-0.16,479
2020-05-25,1313,608788,5645377,9.26,9.38,9.21,9.26,-0.01,207
2020-05-26,1313,1109597,10426059,9.27,9.48,9.27,9.36,0.1,274
2020-05-27,1313,632801,5935041,9.45,9.45,9.3,9.4,0.04,268
2020-05-28,1313,778074,7311185,9.42,9.5,9.3,9.32,-0.08,295
2020-05-29,1313,1388885,12733572,9.32,9.35,9.05,9.05,-0.27,411
2020-06-01,1313,1366393,12789733,9.16,9.49,9.16,9.46,0.41,485
2020-06-02,1313,1094329,10345906,9.54,9.6,9.37,9.45,-0.01,414
2020-06-03,1313,2442233,23512153,9.46,9.74,9.46,9.65,0.2,814
2020-06-04,1313,1567895,15125310,9.73,9.75,9.58,9.65,0.0,601
2020-06-05,1313,1430383,13954765,9.67,9.83,9.65,9.8,0.15,398
2020-06-08,1313,2803811,28018222,9.88,10.1,9.88,9.97,0.17,808
2020-06-09,1313,1140754,11363795,9.97,10.05,9.87,9.92,-0.05,445
2020-06-10,1313,1220439,12059968,9.9,9.94,9.84,9.84,-0.08,396
2020-06-11,1313,2638381,25652016,9.94,9.95,9.61,9.64,-0.2,708
2020-06-12,1313,1266956,12024240,9.35,9.6,9.34,9.57,-0.07,348
2020-06-15,1313,2370751,23353494,9.63,9.99,9.62,9.8,0.23,699
2020-06-16,1313,2586092,25829361,9.92,10.05,9.89,9.99,0.19,674
2020-06-17,1313,1877222,18789490,10.05,10.05,9.98,10.0,0.01,479
2020-06-18,1313,1633137,16384640,10.0,10.1,9.97,10.05,0.05,438
2020-06-19,1313,1573852,15787390,10.05,10.1,9.99,9.99,-0.06,442
2020-06-22,1313,4239589,43495676,9.99,10.4,9.99,10.2,0.21,1098
2020-06-23,1313,1593160,16242963,10.25,10.3,10.1,10.25,0.05,383
2020-06-24,1313,1091569,11178869,10.35,10.35,10.15,10.2,-0.05,360
2020-06-29,1313,1672760,16717885,10.15,10.15,9.91,9.96,-0.24,531
2020-06-30,1313,827246,8327260,10.05,10.15,10.0,10.0,0.04,371
2020-07-01,1313,979450,9831250,10.0,10.1,9.96,10.0,0.0,466
2020-07-02,1313,1132525,11368670,10.0,10.1,9.97,10.05,0.05,342
2020-07-03,1313,1717073,17214870,10.05,10.1,9.98,10.05,0.0,412
2020-07-06,1313,2272653,23086726,10.1,10.25,10.05,10.2,0.15,666
2020-07-07,1313,1132891,11501594,10.25,10.3,10.1,10.15,-0.05,356
2020-07-08,1313,1542342,15647821,10.15,10.25,10.1,10.1,-0.05,404
2020-07-09,1313,1082091,10899560,10.05,10.15,10.0,10.0,-0.1,387
2020-07-10,1313,2392627,23698760,10.05,10.05,9.83,9.85,-0.15,600
2020-07-13,1313,1161275,11582129,9.9,10.05,9.9,10.0,0.15,323
2020-07-14,1313,873679,8746119,10.0,10.05,9.94,10.0,0.0,231
2020-07-15,1313,1027897,10289549,10.05,10.05,9.98,10.0,0.0,412
2020-07-16,1313,1166995,11729330,10.0,10.15,9.98,10.05,0.05,413
2020-07-17,1313,1070957,10729505,10.05,10.1,9.95,9.97,-0.08,314
2020-07-20,1313,1228454,12164198,9.95,9.97,9.87,9.91,-0.06,320
2020-07-21,1313,2317731,23196047,9.96,10.1,9.92,9.98,0.07,533
2020-07-22,1313,1010899,10121790,10.05,10.1,9.98,10.05,0.07,301
2020-07-23,1313,924271,9230811,10.05,10.05,9.91,9.98,-0.07,274
2020-07-24,1313,1373190,13529030,9.92,9.95,9.77,9.77,-0.21,454
2020-07-27,1313,1810421,17317647,9.74,9.9,9.41,9.42,-0.35,646
2020-07-28,1313,1943874,17979098,9.41,9.49,9.12,9.15,-0.27,675
2020-07-29,1313,1291938,12175482,9.15,9.54,9.15,9.42,0.27,472
2020-07-30,1313,806040,7576445,9.4,9.48,9.33,9.4,-0.02,345
2020-07-31,1313,763105,7203023,9.45,9.51,9.4,9.4,0.0,343
2020-08-03,1313,1325426,12332129,9.42,9.48,9.21,9.28,-0.12,531
2020-08-04,1313,936075,8768131,9.28,9.44,9.25,9.38,0.1,336
2020-08-05,1313,3747410,36664730,9.4,10.1,9.39,10.05,0.67,1093
2020-08-06,1313,3466508,34881550,10.1,10.25,9.88,10.05,0.0,706
2020-08-07,1313,9166682,96747126,10.5,10.8,10.3,10.45,0.4,2225
2020-08-10,1313,6169915,66338164,10.8,10.9,10.55,10.8,0.35,1572
2020-08-11,1313,4341651,46905531,10.9,10.95,10.7,10.8,0.0,1146
2020-08-12,1313,4088212,44319395,10.8,11.0,10.7,10.95,0.15,1094
2020-08-13,1313,7656486,85766024,11.05,11.4,11.05,11.2,0.25,1724
2020-08-14,1313,6199987,70394235,11.25,11.5,11.2,11.45,0.25,1520
2020-08-17,1313,35473897,441292758,11.6,12.55,11.6,12.45,1.0,6077
2020-08-18,1313,13790384,169695521,12.3,12.8,11.8,12.7,0.25,3573
2020-08-19,1313,11542571,147356360,12.7,13.0,12.45,13.0,0.3,2953
2020-08-20,1313,12254302,151158888,12.95,13.05,11.7,12.2,-0.8,2942
2020-08-21,1313,5559972,68934285,12.2,12.65,12.15,12.5,0.3,1541
2020-08-24,1313,5351457,66953364,12.65,12.85,12.25,12.5,0.0,1485
2020-08-25,1313,7430097,94553317,12.6,12.9,12.45,12.85,0.35,1712
2020-08-26,1313,15844056,206649194,12.85,13.3,12.75,12.8,-0.05,3005
2020-08-27,1313,4609659,58872486,12.8,12.95,12.65,12.7,-0.1,1006
2020-08-28,1313,5670017,73532288,12.7,13.15,12.7,12.95,0.25,1420
2020-08-31,1313,5586004,72265291,13.05,13.1,12.8,12.8,-0.15,1311
2020-09-01,1313,4996077,65058173,13.1,13.15,12.9,13.0,0.2,1227
2020-09-02,1313,6419701,84587613,13.1,13.5,12.95,13.05,0.05,1725
2020-09-03,1313,6685648,88789702,13.05,13.5,13.0,13.3,0.25,1743
2020-09-04,1313,3484487,46043348,13.05,13.4,13.0,13.3,0.0,999
2020-09-07,1313,17897676,250245600,13.5,14.3,13.5,13.8,0.5,4683
2020-09-08,1313,7603639,103160058,13.65,13.85,13.25,13.85,0.05,1931
2020-09-09,1313,6268139,86796006,13.6,14.1,13.45,14.0,0.15,1649
2020-09-10,1313,7007528,97720045,14.0,14.25,13.7,13.8,-0.2,1698
2020-09-11,1313,11499563,153831504,13.75,13.95,13.0,13.2,-0.6,2581
2020-09-14,1313,6232759,80842880,13.25,13.4,12.7,13.0,-0.2,1352
2020-09-15,1313,3175438,41475495,13.05,13.2,12.8,13.15,0.15,906
2020-09-16,1313,3972681,52720401,13.2,13.45,13.1,13.15,0.0,1119
2020-09-17,1313,7310729,99282224,13.25,13.75,13.25,13.7,0.55,1978
2020-09-18,1313,12974289,181111614,14.05,14.25,13.65,13.65,-0.05,3543
2020-09-21,1313,8763972,121835999,13.75,14.15,13.6,13.75,0.1,2273
2020-09-22,1313,5997791,80064537,13.7,13.7,13.0,13.5,-0.25,1546
2020-09-23,1313,5540152,72810376,13.45,13.5,13.0,13.0,-0.5,1285
2020-09-24,1313,7654447,96060309,12.7,12.95,12.25,12.35,-0.65,1824
2020-09-25,1313,3922011,48790826,12.5,12.75,12.2,12.35,0.0,1047
2020-09-28,1313,2613661,33147078,12.5,12.9,12.35,12.75,0.4,804
2020-09-29,1313,2028579,25654433,12.8,12.95,12.55,12.6,-0.15,348
2020-09-30,1313,894229,11237854,12.55,12.7,12.5,12.5,-0.1,360
2020-10-05,1313,619147,7851797,12.6,12.8,12.6,12.7,0.2,286
2020-10-06,1313,1077691,13809163,12.8,12.95,12.7,12.9,0.2,487
2020-10-07,1313,642478,8251330,12.9,12.9,12.75,12.9,0.0,324
2020-10-08,1313,1500188,19223398,12.95,12.95,12.75,12.85,-0.05,390
2020-10-12,1313,1925140,24776047,12.9,13.0,12.75,12.95,0.1,553
2020-10-13,1313,3025707,39681644,12.95,13.35,12.85,12.95,0.0,1147
2020-10-14,1313,1851559,24129317,12.95,13.15,12.9,13.05,0.1,511
2020-10-15,1313,2618194,34157594,13.1,13.3,12.85,12.95,-0.1,678
2020-10-16,1313,3014524,39395853,13.0,13.25,12.9,12.95,0.0,771
2020-10-19,1313,2006864,26081831,12.95,13.1,12.95,13.0,0.05,623
2020-10-20,1313,1300369,16919197,12.9,13.15,12.9,13.05,0.05,437
2020-10-21,1313,1384252,18027721,13.0,13.15,12.95,13.15,0.1,328
2020-10-22,1313,1137193,14815392,13.05,13.2,12.9,13.0,-0.15,362
2020-10-23,1313,1925278,25297097,13.0,13.3,12.9,13.2,0.2,595
2020-10-26,1313,3102419,41802054,13.3,13.65,13.25,13.4,0.2,1195
2020-10-27,1313,3641179,49012169,13.1,13.7,13.1,13.45,0.05,1110
2020-10-28,1313,1829399,24562014,13.65,13.7,13.25,13.25,-0.2,635
2020-10-29,1313,2659299,35221774,12.95,13.5,12.95,13.35,0.1,802
2020-10-30,1313,2185224,28885322,13.4,13.5,13.0,13.0,-0.35,804
2020-11-02,1313,1839879,24147827,13.05,13.3,13.0,13.1,0.1,615
2020-11-03,1313,9801250,133945446,13.25,14.0,13.25,13.65,0.55,2449
2020-11-04,1313,6560949,90913883,13.9,14.15,13.65,13.8,0.15,1982
2020-11-05,1313,3207981,43892333,13.8,13.9,13.5,13.8,0.0,1010
2020-11-06,1313,7526785,104138651,14.0,14.05,13.65,13.7,-0.1,1459
2020-11-09,1313,7948461,111719812,14.0,14.25,13.85,14.05,0.35,2027
2020-11-10,1313,20558506,301088086,14.2,15.15,14.2,14.7,0.65,6375
2020-11-11,1313,23209543,356938321,14.9,15.9,14.7,15.4,0.7,6480
2020-11-12,1313,13512295,202040605,15.2,15.4,14.6,14.95,-0.45,3942
2020-11-13,1313,6173374,91904961,15.0,15.25,14.65,14.75,-0.2,1877
2020-11-16,1313,10080487,145303116,14.65,14.8,14.2,14.65,-0.1,2751
2020-11-17,1313,5512428,80808955,14.5,14.9,14.4,14.75,0.1,1734
2020-11-18,1313,6851770,102162355,14.8,15.25,14.7,14.9,0.15,1754
2020-11-19,1313,23109745,357890924,14.95,15.85,14.8,15.45,0.55,6620
2020-11-20,1313,12473183,195085460,15.75,16.0,15.45,15.65,0.2,4040
2020-11-23,1313,12639175,200681958,15.75,16.15,15.5,16.1,0.45,3890
2020-11-24,1313,28620919,474300420,16.45,16.9,16.1,16.5,0.4,8671
2020-11-25,1313,28204139,483555200,16.8,17.5,16.7,17.25,0.75,8422
2020-11-26,1313,13275934,228460988,17.25,17.5,17.05,17.2,-0.05,4952
2020-11-27,1313,8314047,142424449,17.2,17.35,16.9,17.2,0.0,2845
2020-11-30,1313,19281414,341371179,17.8,18.0,17.4,17.5,0.3,6285
2020-12-01,1313,13060219,224898211,17.5,17.5,16.9,17.3,-0.2,4413
2020-12-02,1313,11921094,202475119,17.45,17.5,16.8,16.8,-0.5,4485
2020-12-03,1313,9024086,152717718,16.85,17.15,16.75,17.05,0.25,3231
2020-12-04,1313,12729056,218628742,17.1,17.5,16.95,17.15,0.1,4119
2020-12-07,1313,17008393,281239206,17.15,17.15,16.25,16.45,-0.7,5273
2020-12-08,1313,6980549,115100328,16.45,16.65,16.4,16.45,0.0,2449
2020-12-09,1313,4605052,76689320,16.65,16.9,16.5,16.9,0.45,1804
2020-12-10,1313,11394448,193451932,16.85,17.3,16.6,16.75,-0.15,4065
2020-12-11,1313,11416476,193775793,17.05,17.3,16.55,16.95,0.2,3556
2020-12-14,1313,12794058,219934159,17.05,17.5,16.65,17.25,0.3,4064
2020-12-15,1313,15514322,269607136,17.5,17.75,17.1,17.25,0.0,5082
2020-12-16,1313,16066327,282743985,17.35,17.9,17.35,17.6,0.35,4820
2020-12-17,1313,9385274,163390019,17.75,17.8,17.25,17.3,-0.3,2914
2020-12-18,1313,9060206,155927000,17.2,17.5,17.0,17.5,0.2,3142
2020-12-21,1313,34923434,640172038,17.5,19.2,17.4,18.5,1.0,11279
2020-12-22,1313,67486680,1293214367,18.5,19.95,18.1,18.2,-0.3,21805
2020-12-23,1313,20465082,370118083,18.2,18.7,17.8,18.0,-0.2,7274
2020-12-24,1313,10021057,182096098,18.05,18.4,17.8,18.25,0.25,3342
2020-12-25,1313,10283397,189742375,18.35,18.8,18.1,18.7,0.45,3626
2020-12-28,1313,18709495,354477797,18.8,19.4,18.4,19.2,0.5,7148
2020-12-29,1313,12206908,232827931,19.15,19.35,18.8,19.0,-0.2,4688
2020-12-30,1313,17242996,330617101,19.1,19.8,18.8,18.8,-0.2,5582
2020-12-31,1313,16844162,321783454,19.0,19.6,18.6,19.2,0.4,5307
2021-01-04,1313,11467178,217671809,19.2,19.3,18.75,18.95,-0.25,3866
2021-01-05,1313,10235207,190647577,18.8,18.95,18.4,18.65,-0.3,3350
2021-01-06,1313,12268380,226796163,18.8,19.0,18.05,18.6,-0.05,3992
2021-01-07,1313,14044312,266519939,18.8,19.35,18.6,18.95,0.35,4706
2021-01-08,1313,9443315,175804116,19.05,19.15,18.4,18.55,-0.4,3319
2021-01-11,1313,15307823,275006929,18.65,18.65,17.55,17.65,-0.9,5509
2021-01-12,1313,13819644,238455452,17.65,17.75,16.95,17.1,-0.55,4529
2021-01-13,1313,8705677,153930699,17.5,17.9,17.4,17.65,0.55,3129
2021-01-14,1313,6113209,105893948,17.9,17.9,17.15,17.25,-0.4,2331
2021-01-15,1313,8080872,136291808,17.3,17.3,16.55,16.85,-0.4,2919
2021-01-18,1313,6658876,109081337,16.6,16.8,15.85,16.5,-0.35,2289
2021-01-19,1313,4844513,80539459,16.55,17.05,16.3,16.35,-0.15,1838
2021-01-20,1313,9621861,152233772,16.35,16.35,15.55,15.6,-0.75,3567
2021-01-21,1313,5694619,89438919,15.7,16.1,15.2,15.65,0.05,1927
2021-01-22,1313,3996229,62839765,15.6,15.95,15.55,15.9,0.25,1407
2021-01-25,1313,3740863,59263812,15.85,16.0,15.3,15.9,0.0,1435
2021-01-26,1313,4181588,65584847,16.1,16.1,15.5,15.65,-0.25,1452
2021-01-27,1313,3163540,49705157,15.65,15.95,15.55,15.65,0.0,1042
2021-01-28,1313,4627012,70750081,15.5,15.55,15.15,15.25,-0.4,1565
2021-01-29,1313,7144431,108119962,15.35,15.5,14.8,14.85,-0.4,1922
2021-02-01,1313,12642089,185041505,14.3,15.4,14.25,15.25,0.4,3446
2021-02-02,1313,5321445,79764586,14.9,15.2,14.65,15.15,-0.1,1930
2021-02-03,1313,3815418,57885995,15.05,15.4,14.9,15.2,0.05,1146
2021-02-04,1313,3871700,59932696,15.15,15.65,15.15,15.35,0.15,1132
2021-02-05,1313,4149049,64160359,15.5,15.65,15.3,15.45,0.1,1272
2021-02-17,1313,8649444,140330443,15.8,16.55,15.8,16.25,0.8,2616
2021-02-18,1313,6257526,103890663,16.4,16.85,16.25,16.45,0.2,1991
2021-02-19,1313,9511146,161499610,16.85,17.35,16.65,17.35,0.9,3323
2021-02-22,1313,12412075,219855250,17.9,18.1,17.4,17.65,0.3,3710
2021-02-23,1313,21965010,403591814,17.4,19.0,17.4,18.55,0.9,6648
2021-02-24,1313,15412892,276722334,18.55,18.55,17.6,17.7,-0.85,5244
2021-02-25,1313,11818851,214916262,18.15,18.7,17.9,18.15,0.45,3052
2021-02-26,1313,9694852,176140480,17.95,18.55,17.65,18.45,0.3,3103
2021-03-02,1313,9227939,166919148,18.45,18.65,17.8,17.85,-0.6,3240
2021-03-03,1313,5509068,99242556,17.85,18.35,17.75,18.0,0.15,1828
2021-03-04,1313,7466517,135924933,18.3,18.5,17.9,18.0,0.0,2559
2021-03-05,1313,11024761,201075799,18.1,18.6,17.95,18.15,0.15,3131
2021-03-08,1313,37525677,712306051,18.4,19.6,18.2,18.6,0.45,11504
2021-03-09,1313,20098097,379417508,18.6,19.3,18.45,18.9,0.3,6525
2021-03-10,1313,8295091,155070471,18.9,18.9,18.4,18.7,-0.2,2845
2021-03-11,1313,11500369,214597812,18.95,19.0,18.45,18.65,-0.05,3663
2021-03-12,1313,11148688,210231469,18.7,19.15,18.5,19.0,0.35,3546
2021-03-15,1313,8677716,164736790,19.05,19.25,18.8,18.95,-0.05,2927
2021-03-16,1313,7984057,148276179,19.0,19.0,18.45,18.45,-0.5,2698
2021-03-17,1313,4187785,76643861,18.25,18.5,18.2,18.25,-0.2,1733
2021-03-18,1313,7590630,142132249,18.3,19.0,18.3,19.0,0.75,2662
2021-03-19,1313,16699344,306835961,18.6,18.65,18.2,18.4,-0.6,5528
2021-03-22,1313,13857826,260352511,18.7,19.0,18.5,18.7,0.3,3874
2021-03-23,1313,7900308,148981686,19.2,19.25,18.65,18.7,0.0,2528
2021-03-24,1313,6311161,118357325,18.65,18.9,18.6,18.8,0.1,1762
2021-03-25,1313,16859313,321478864,19.0,19.25,18.85,18.9,0.1,4566
2021-03-26,1313,31350615,614810274,19.2,19.9,19.1,19.85,0.95,9559
2021-03-29,1313,33755027,691042982,20.65,20.9,20.2,20.55,0.7,11374
2021-03-30,1313,15222274,307734321,20.5,20.5,19.95,20.3,-0.25,5084
2021-03-31,1313,11437788,233600776,20.45,20.6,20.2,20.6,0.3,3518
2021-04-01,1313,15122470,312501872,20.75,20.85,20.45,20.75,0.15,4588
2021-04-06,1313,32772586,699289522,21.0,21.8,20.7,21.65,0.9,10658
2021-04-07,1313,31097017,668597178,21.75,21.8,21.05,21.65,0.0,9584
2021-04-08,1313,29821983,618133013,20.9,21.35,20.35,20.7,0.0,8080
2021-04-09,1313,49737822,1124133526,22.05,22.75,21.95,22.75,2.05,10285
2021-04-12,1313,70557275,1652210067,22.95,24.3,22.5,24.0,1.25,20729
2021-04-13,1313,33177112,775693785,24.0,24.15,22.8,23.0,-1.0,12207
2021-04-14,1313,28741629,669478065,23.15,23.85,22.55,23.3,0.3,9704
2021-04-15,1313,47966587,1179696641,24.0,25.15,23.9,24.55,1.25,16541
2021-04-16,1313,70656574,1838777655,24.8,27.0,24.3,26.6,2.05,22148
2021-04-19,1313,73641922,2105925083,28.0,29.25,27.4,29.25,2.65,23686
2021-04-20,1313,72035081,1963631388,28.8,28.8,26.35,27.25,-2.0,28945
2021-04-21,1313,38565558,1062485971,26.85,28.2,26.45,28.0,0.75,13374
2021-04-22,1313,72441680,2082151022,28.55,30.15,26.85,27.75,-0.25,25089
2021-04-23,1313,26318863,726684428,27.8,28.4,27.0,27.75,0.0,8902
2021-04-26,1313,36216983,1048033583,27.9,29.5,27.8,29.5,1.75,11913
2021-04-27,1313,33154275,971872785,29.85,30.45,28.75,29.6,0.1,12515
2021-04-28,1313,21521464,630716626,29.6,29.95,28.85,29.1,-0.5,8155
2021-04-29,1313,45641351,1360550418,29.25,30.45,28.9,30.35,1.25,15228
2021-05-03,1313,38338787,1137372887,30.45,30.5,28.7,28.9,-1.45,13337
2021-05-04,1313,47502543,1287350756,29.0,29.45,26.05,26.95,-1.95,14461
2021-05-05,1313,25728147,716900463,27.95,28.5,26.9,27.15,0.2,8570
2021-05-06,1313,31875982,895428811,28.0,29.2,26.7,27.75,0.6,10952
2021-05-07,1313,46880758,1253755365,28.4,28.4,25.5,26.9,-0.85,14535
2021-05-10,1313,21285519,588202462,27.1,28.2,27.0,28.15,1.25,7627
2021-05-11,1313,28544086,777408986,27.7,28.65,25.55,26.55,-1.6,10746
2021-05-12,1313,24009822,589885001,25.55,26.3,23.9,23.9,-2.65,8583
2021-05-13,1313,27200723,619027365,22.2,24.0,21.55,23.05,-0.85,8873
2021-05-14,1313,17429853,405574472,24.15,24.35,22.3,23.05,0.0,6164
2021-05-17,1313,19569709,413808948,20.75,22.35,20.75,20.75,-2.3,6443
2021-05-18,1313,16774080,371836960,21.05,22.8,21.0,22.5,1.75,5448
2021-05-19,1313,11981475,274312070,22.15,23.5,22.1,23.15,0.65,4616
2021-05-20,1313,10441532,237132975,22.75,23.6,22.2,22.35,-0.8,3949
2021-05-21,1313,18464811,415617202,22.8,23.1,22.0,22.8,0.45,4598
2021-05-24,1313,19815776,469929200,22.8,24.5,22.75,23.4,0.6,6407
2021-05-25,1313,19382853,493985467,25.15,25.7,24.75,25.7,2.3,4495
2021-05-26,1313,32905099,817157564,25.0,25.45,24.1,25.0,-0.7,10664
2021-05-27,1313,11665726,292347844,24.9,25.4,24.5,25.15,0.15,4192
2021-05-28,1313,15803286,402554697,25.4,25.95,25.05,25.45,0.3,5676
2021-05-31,1313,30704724,807240765,25.85,27.1,25.5,25.75,0.3,10396
2021-06-01,1313,13186990,344345573,25.8,26.65,25.55,26.45,0.7,5128
2021-06-02,1313,114506753,3287663153,28.35,29.05,27.4,28.2,1.75,26599
2021-06-03,1313,57203856,1648695515,29.0,29.4,28.35,28.5,0.3,18931
2021-06-04,1313,32467282,934058719,28.5,29.35,27.8,29.0,0.5,12098
2021-06-07,1313,39535934,1133594043,29.5,29.75,27.65,28.25,-0.75,13406
2021-06-08,1313,24082183,662979034,28.05,28.3,27.2,27.3,-0.95,9954
2021-06-09,1313,17559996,473608100,27.4,27.85,26.35,26.65,-0.65,6951
2021-06-10,1313,15711549,413611946,26.85,26.95,25.6,26.8,0.15,6628
2021-06-11,1313,8470441,225123885,26.8,27.05,26.3,26.35,-0.45,3560
2021-06-15,1313,7153588,188439197,26.75,26.75,26.05,26.4,0.05,3071
2021-06-16,1313,23798715,640518180,26.6,27.75,26.1,26.15,-0.25,8947
2021-06-17,1313,7493090,196710127,26.0,26.7,25.95,26.3,0.15,2907
2021-06-18,1313,16108866,414743556,26.3,26.35,25.5,25.6,-0.7,6333
2021-06-21,1313,13549593,336369612,25.0,25.35,24.4,24.95,-0.65,5833
2021-06-22,1313,12097220,312370595,25.95,26.1,25.5,25.95,1.0,5228
2021-06-23,1313,9702529,250341652,26.15,26.35,25.5,25.7,-0.25,4146
2021-06-24,1313,8461528,220149545,25.9,26.4,25.5,26.25,0.55,3276
2021-06-25,1313,8553309,223761885,26.4,26.55,26.0,26.0,-0.25,2941
2021-06-28,1313,12651341,334998493,26.3,26.85,25.95,26.8,0.8,4807
2021-06-29,1313,14330681,380488429,27.15,27.3,26.2,26.25,-0.55,5245
2021-06-30,1313,18728208,504825328,26.45,27.2,26.3,27.2,0.95,6912
2021-07-01,1313,135060605,3958010202,27.55,29.9,27.4,29.9,2.7,40688
2021-07-02,1313,185886942,5606064796,30.8,32.3,27.2,27.5,-2.4,64533
2021-07-05,1313,31098846,856890842,28.15,28.35,27.05,27.15,-0.35,12641
2021-07-06,1313,17194316,467131653,27.3,27.5,26.75,27.2,0.05,7183
2021-07-07,1313,20208206,541467669,27.15,27.35,26.5,26.6,-0.6,8341
2021-07-08,1313,19634391,523335409,26.9,27.1,26.3,26.5,-0.1,7530
2021-07-09,1313,11823471,313921003,26.3,26.85,26.1,26.6,0.1,4537
2021-07-12,1313,12579892,333228500,26.95,27.0,26.2,26.25,-0.35,5061
2021-07-13,1313,19251745,496144861,26.45,26.5,25.3,25.45,-0.8,8664
2021-07-14,1313,9824399,248603178,25.55,25.85,24.55,25.65,0.2,4596
2021-07-15,1313,8165774,213688136,25.5,26.5,25.5,26.4,0.75,3462
2021-07-16,1313,7192085,188071175,26.2,26.4,25.9,26.1,-0.3,3200
2021-07-19,1313,9123506,236640943,26.0,26.25,25.55,26.05,-0.05,3240
2021-07-20,1313,11184828,282987705,25.5,25.8,25.05,25.25,-0.8,5385
2021-07-21,1313,9917465,248668211,25.45,25.65,24.6,24.8,-0.45,4442
2021-07-22,1313,8520589,214441233,25.3,25.75,24.75,25.0,0.2,3534
2021-07-23,1313,13003674,336842082,25.1,26.3,25.1,26.15,1.15,4876
2021-07-26,1313,6761696,176146271,26.5,26.5,25.75,25.85,-0.3,2805
2021-07-27,1313,4456515,114668466,25.9,26.1,25.5,25.5,-0.35,1854
2021-07-28,1313,10958865,282384127,25.5,26.65,24.8,26.1,0.6,4288
2021-07-29,1313,10422908,274216537,26.1,26.7,25.8,26.65,0.55,4131
2021-07-30,1313,9959117,266095094,26.45,27.1,26.4,26.55,-0.1,4382
2021-08-02,1313,14700547,399415392,26.9,27.7,26.5,27.45,0.9,5782
2021-08-03,1313,18941239,524363259,27.45,28.0,27.25,28.0,0.55,7458
2021-08-04,1313,34125897,905912144,27.0,27.15,26.1,26.4,-1.6,13012
2021-08-05,1313,15849063,408597477,26.3,26.4,25.5,25.65,-0.75,8293
2021-08-06,1313,6815567,175911937,25.8,26.1,25.25,25.65,0.0,2712
2021-08-09,1313,10214722,258679064,25.65,25.75,25.15,25.2,-0.45,3752
2021-08-10,1313,9313749,231542836,25.2,25.25,24.7,24.8,-0.4,4321
2021-08-11,1313,9598265,234724570,24.8,24.9,24.0,24.2,-0.6,4265
2021-08-12,1313,3712411,90559967,24.35,24.6,24.15,24.55,0.35,1855
2021-08-13,1313,4543323,109811220,24.65,24.65,24.0,24.0,-0.55,2415
2021-08-16,1313,14211009,325744971,23.8,23.8,22.4,22.85,-1.15,5759
2021-08-17,1313,6306251,144056006,23.0,23.45,22.3,22.35,-0.5,2914
2021-08-18,1313,6546253,148395280,22.0,23.35,22.0,23.25,0.9,2870
2021-08-19,1313,5284019,121267537,23.0,23.45,22.6,22.7,-0.55,2133
2021-08-20,1313,5372547,119614426,22.7,22.9,22.0,22.1,-0.6,2387
2021-08-23,1313,4759034,107927596,22.15,22.95,22.15,22.85,0.75,1801
2021-08-24,1313,7435897,174386205,23.35,23.8,23.0,23.7,0.85,3308
2021-08-25,1313,6325691,148217447,23.4,23.75,23.2,23.65,-0.05,2282
2021-08-26,1313,6145022,146806106,23.85,24.05,23.5,23.95,0.3,2321
2021-08-27,1313,3538389,84829926,24.1,24.2,23.75,23.9,-0.05,1582
2021-08-30,1313,4648139,113296845,24.2,24.6,24.05,24.45,0.55,1854
2021-08-31,1313,3333444,80994102,24.6,24.6,24.05,24.5,0.05,1478
2021-09-01,1313,2339355,56808147,24.5,24.55,24.15,24.25,-0.25,1079
2021-09-02,1313,2722419,65102479,24.4,24.4,23.7,23.75,-0.5,1429
2021-09-03,1313,7230812,176938930,24.25,24.75,24.15,24.25,0.5,2772
2021-09-06,1313,3438192,82312328,24.4,24.45,23.65,23.75,-0.5,1536
2021-09-07,1313,4714393,113974124,23.65,24.5,23.65,24.3,0.55,1791
2021-09-08,1313,3505837,83948290,24.2,24.3,23.7,23.8,-0.5,1593
2021-09-09,1313,4615576,112041868,23.9,24.65,23.75,24.55,0.75,1695
2021-09-10,1313,10390323,257666427,24.85,25.0,24.4,24.7,0.15,3380
2021-09-13,1313,5230106,130435339,24.9,25.2,24.6,24.95,0.25,1877
2021-09-14,1313,2524909,62908070,25.1,25.15,24.75,24.9,-0.05,1193
2021-09-15,1313,10513010,262584533,24.9,25.4,24.6,24.7,-0.2,3669
2021-09-16,1313,17473769,440629539,24.95,25.45,24.95,25.1,0.4,6123
2021-09-17,1313,10806407,266327769,25.15,25.25,24.25,24.25,-0.85,4273
2021-09-22,1313,5681902,135297900,23.2,24.2,23.2,23.9,-0.35,2335
2021-09-23,1313,6000052,145259394,24.1,24.65,23.85,24.3,0.4,2672
2021-09-24,1313,18038141,451423656,24.75,25.5,24.65,24.9,0.6,6630
2021-09-27,1313,30559896,790107317,25.1,26.35,25.1,26.25,1.35,11326
2021-09-28,1313,18509736,477914037,25.9,26.4,25.45,25.95,-0.3,7692
2021-09-29,1313,43837762,1133057252,25.55,26.6,24.85,25.0,-0.95,16949
2021-09-30,1313,13614785,342526367,25.0,25.5,24.65,25.45,0.45,5200
2021-10-01,1313,20662060,517600608,25.45,25.75,24.2,24.45,-1.0,8301
2021-10-04,1313,12758522,303250797,24.6,24.85,23.1,23.1,-1.35,5042
2021-10-05,1313,7819528,182898754,23.1,23.8,22.9,23.75,0.65,3405
2021-10-06,1313,8086022,193629131,23.8,24.3,23.6,23.7,-0.05,3234
2021-10-07,1313,8996384,217182857,23.7,24.4,23.7,24.15,0.45,3458
2021-10-08,1313,6488265,155791976,24.2,24.5,23.7,23.85,-0.3,2688
2021-10-12,1313,11028075,267138759,24.3,24.55,23.8,24.45,0.6,3761
2021-10-13,1313,9895601,239581425,24.45,24.7,23.85,23.95,-0.5,3558
2021-10-14,1313,9296004,220496127,24.45,24.45,23.25,23.55,-0.4,3817
2021-10-15,1313,3255179,77197886,23.85,23.9,23.55,23.7,0.15,1427
2021-10-18,1313,8898377,215881380,23.95,24.6,23.85,24.45,0.75,3225
2021-10-19,1313,4824554,117336154,24.45,24.5,24.2,24.3,-0.15,1980
2021-10-20,1313,3577065,86357463,24.4,24.4,24.0,24.0,-0.3,1385
2021-10-21,1313,4922472,119311225,24.05,24.45,23.85,24.45,0.45,1608
2021-10-22,1313,5133434,123487353,24.5,24.55,23.8,23.8,-0.65,2484
2021-10-25,1313,2893812,69158746,23.8,24.05,23.65,23.9,0.1,1275
2021-10-26,1313,4904770,115940222,24.05,24.05,23.45,23.5,-0.4,2158
2021-10-27,1313,4046691,94524177,23.55,23.7,23.15,23.35,-0.15,1839
2021-10-28,1313,4277504,98867037,23.3,23.3,23.0,23.1,-0.25,1997
2021-10-29,1313,3131471,72406099,23.15,23.4,23.0,23.15,0.05,1302
2021-11-01,1313,2451344,57130346,23.25,23.45,23.2,23.25,0.1,1149
2021-11-02,1313,3300587,76553109,23.4,23.45,23.05,23.05,-0.2,1508
2021-11-03,1313,15415482,344985652,22.1,22.65,22.1,22.65,-0.4,5229
2021-11-04,1313,7471710,167267672,22.7,22.75,22.3,22.35,-0.3,3095
2021-11-05,1313,5897917,130543121,22.35,22.4,22.0,22.2,-0.15,2884
2021-11-08,1313,3839832,85302777,22.1,22.3,22.1,22.25,0.05,1720
2021-11-09,1313,5059860,112300373,22.35,22.35,22.05,22.1,-0.15,2244
2021-11-10,1313,5722641,128756037,22.15,22.65,22.1,22.45,0.35,2264
2021-11-11,1313,4225828,94331438,22.45,22.5,22.2,22.2,-0.25,1858
2021-11-12,1313,4044550,90740721,22.4,22.55,22.2,22.45,0.25,1459
2021-11-15,1313,2770313,61939431,22.6,22.6,22.25,22.3,-0.15,1221
2021-11-16,1313,4294048,95137560,22.4,22.4,22.05,22.15,-0.15,2043
2021-11-17,1313,3522075,77713054,22.25,22.25,22.0,22.1,-0.05,1747
2021-11-18,1313,4440200,98673095,22.1,22.45,22.0,22.35,0.25,1815
2021-11-19,1313,3718749,82743407,22.45,22.45,22.1,22.15,-0.2,1404
2021-11-22,1313,4699097,103285399,22.15,22.15,21.9,21.95,-0.2,1989
2021-11-23,1313,2867177,63058902,21.95,22.25,21.9,21.95,0.0,1233
2021-11-24,1313,4681601,104378738,22.1,22.45,22.05,22.3,0.35,1689
2021-11-25,1313,5691957,128489341,22.55,22.75,22.4,22.5,0.2,2244
2021-11-26,1313,3851506,85237490,22.55,22.55,22.0,22.1,-0.4,1725
2021-11-29,1313,4723237,101481594,21.75,21.9,21.2,21.4,-0.7,2334
2021-11-30,1313,4575989,97489768,21.6,21.65,21.2,21.2,-0.2,1962
2021-12-01,1313,3289485,69367855,21.2,21.35,20.85,21.25,0.05,1554
2021-12-02,1313,3364795,70758139,21.25,21.25,20.95,21.0,-0.25,1670
2021-12-03,1313,1522001,32261947,21.1,21.35,21.1,21.15,0.15,808
2021-12-06,1313,2240940,47084735,21.15,21.2,20.9,21.05,-0.1,1128
2021-12-07,1313,2787997,59412085,21.2,21.45,21.15,21.35,0.3,1308
2021-12-08,1313,4510078,97361359,21.5,21.8,21.45,21.55,0.2,1801
2021-12-09,1313,3000951,64527985,21.6,21.7,21.35,21.4,-0.15,1201
2021-12-10,1313,2118382,45072662,21.4,21.45,21.2,21.25,-0.15,969
2021-12-13,1313,2529318,53418771,21.35,21.35,21.05,21.05,-0.2,1253
2021-12-14,1313,3291468,69225807,21.0,21.25,20.9,20.9,-0.15,1377
2021-12-15,1313,2727988,57111060,20.95,21.1,20.85,20.85,-0.05,1352
2021-12-16,1313,1777327,37153308,21.0,21.0,20.85,20.9,0.05,934
2021-12-17,1313,4064931,86070500,20.85,21.4,20.85,21.2,0.3,1472
2021-12-20,1313,1792401,37819908,21.3,21.3,21.0,21.1,-0.1,919
2021-12-21,1313,2420396,50925886,21.0,21.2,20.9,21.1,0.0,1020
2021-12-22,1313,3226462,68757574,21.2,21.5,21.15,21.25,0.15,1345
2021-12-23,1313,2118666,45038244,21.45,21.45,21.15,21.35,0.1,942
2021-12-24,1313,2995797,64233831,21.35,21.55,21.35,21.45,0.1,1073
2021-12-27,1313,2284479,48707954,21.45,21.5,21.2,21.3,-0.15,847
2021-12-28,1313,2249434,48034701,21.4,21.5,21.3,21.35,0.05,1168
2021-12-29,1313,5514383,118809599,21.35,21.7,21.35,21.6,0.25,2213
2021-12-30,1313,3467971,75026118,21.7,21.85,21.5,21.6,0.0,1294
2022-01-03,1313,3071664,65651884,21.65,21.7,21.2,21.3,-0.3,1254
2022-01-04,1313,1288213,27348148,21.35,21.35,21.15,21.2,-0.1,725
2022-01-05,1313,1521746,32293054,21.3,21.3,21.1,21.2,0.0,867
2022-01-06,1313,2457403,51894134,21.2,21.35,21.0,21.1,-0.1,1003
2022-01-07,1313,6506833,140040747,21.25,21.95,21.25,21.25,0.15,2734
2022-01-10,1313,2428190,51311371,21.25,21.25,21.05,21.15,-0.1,1051
2022-01-11,1313,1841341,38940955,21.2,21.3,21.05,21.15,0.0,769
2022-01-12,1313,1316019,27956668,21.25,21.4,21.15,21.3,0.15,805
2022-01-13,1313,2932880,63208054,21.45,21.7,21.4,21.55,0.25,1459
2022-01-14,1313,2771045,58733520,21.5,21.55,21.05,21.15,-0.4,1283
2022-01-17,1313,1128568,23898271,21.25,21.25,21.1,21.25,0.1,474
2022-01-18,1313,2862095,61410293,21.35,21.6,21.35,21.45,0.2,1144
2022-01-19,1313,3756001,80863043,21.55,21.8,21.35,21.35,-0.1,1862
2022-01-20,1313,2036233,43785206,21.45,21.65,21.3,21.55,0.2,964
2022-01-21,1313,3116997,66246537,21.55,21.65,21.05,21.1,-0.45,1478
2022-01-24,1313,3351120,69369561,21.0,21.0,20.55,20.65,-0.45,1647
2022-01-25,1313,6362911,127925973,20.5,20.5,19.95,20.0,-0.65,2991
2022-01-26,1313,3757802,76764304,20.2,20.65,20.2,20.5,0.5,1800
2022-02-07,1313,6046530,128815227,20.8,21.7,20.7,21.6,1.1,2405
2022-02-08,1313,4683564,101619999,21.7,21.9,21.45,21.85,0.25,2042
2022-02-09,1313,3303897,72201371,21.9,21.95,21.7,21.95,0.1,2064
2022-02-10,1313,8410948,186977662,22.0,22.4,21.95,22.35,0.4,2594
2022-02-11,1313,4235081,92530212,22.0,22.05,21.7,21.75,-0.6,2936
2022-02-14,1313,3027718,65187830,21.6,21.9,21.35,21.45,-0.3,1508
2022-02-15,1313,1613269,34410438,21.6,21.6,21.15,21.2,-0.25,992
2022-02-16,1313,1424077,30463465,21.5,21.6,21.25,21.4,0.2,858
2022-02-17,1313,2062528,44588482,21.55,21.75,21.45,21.65,0.25,1297
2022-02-18,1313,1260094,27227251,21.6,21.75,21.45,21.65,0.0,902
2022-02-21,1313,1868395,40594378,21.6,21.85,21.5,21.8,0.15,1473
2022-02-22,1313,3174946,68353836,21.8,21.95,21.25,21.35,-0.45,1623
2022-02-23,1313,1097308,23542499,21.45,21.6,21.3,21.5,0.15,562
2022-02-24,1313,3389815,71662133,21.35,21.45,20.85,20.9,-0.6,1829
2022-02-25,1313,2048825,42991634,21.05,21.2,20.85,20.9,0.0,916
2022-03-01,1313,2454904,52757839,21.1,21.7,21.1,21.6,0.7,1214
2022-03-02,1313,5528922,121345496,21.9,22.1,21.65,22.05,0.45,2395
2022-03-03,1313,3610087,80084176,22.35,22.35,22.0,22.1,0.05,1611
2022-03-04,1313,2104326,45908851,22.0,22.0,21.7,21.7,-0.4,1188
2022-03-07,1313,2821397,60132169,21.7,21.75,21.05,21.25,-0.45,1637
2022-03-08,1313,3906192,81014011,20.95,21.15,20.3,20.45,-0.8,2449
2022-03-09,1313,30370657,592411559,20.0,20.05,18.65,18.9,-1.55,10544
2022-03-10,1313,8031833,152855721,19.1,19.15,18.9,19.1,0.2,3728
2022-03-11,1313,4839174,91770364,19.1,19.2,18.9,18.95,-0.15,2525
2022-03-14,1313,2697522,51600356,19.0,19.2,19.0,19.15,0.2,1463
2022-03-15,1313,3498163,66273449,19.2,19.2,18.85,18.9,-0.25,1872
2022-03-16,1313,3612931,67924743,18.95,19.0,18.65,18.85,-0.05,2092
2022-03-17,1313,3399362,64763569,19.05,19.15,18.95,19.1,0.25,1578
2022-03-18,1313,3263863,62518327,19.15,19.25,19.05,19.15,0.05,1526
2022-03-21,1313,6521552,127045877,19.3,19.75,19.3,19.6,0.45,2091
2022-03-22,1313,4691743,92075316,19.5,19.8,19.45,19.8,0.2,1557
2022-03-23,1313,6780001,134627108,19.7,20.0,19.65,20.0,0.2,2459
2022-03-24,1313,7825468,148230599,19.0,19.0,18.75,18.9,0.0,2164
2022-03-25,1313,2641883,49765403,19.0,19.0,18.75,18.8,-0.1,1239
2022-03-28,1313,3517059,64460125,18.6,18.6,18.2,18.35,-0.45,1820
2022-03-29,1313,1570062,28827166,18.35,18.45,18.3,18.35,0.0,878
2022-03-30,1313,1754850,32290081,18.45,18.55,18.3,18.45,0.1,1047
2022-03-31,1313,1408517,26007316,18.5,18.6,18.35,18.35,-0.1,694
2022-04-01,1313,1736792,31706693,18.35,18.45,18.15,18.3,-0.05,908
2022-04-06,1313,1854721,33646719,18.3,18.3,18.1,18.15,-0.15,1061
2022-04-07,1313,3259294,58514173,18.1,18.15,17.8,17.8,-0.35,1716
2022-04-08,1313,2260834,40345245,17.9,18.0,17.8,17.8,0.0,951
2022-04-11,1313,5894554,106565574,18.1,18.55,17.75,17.85,0.05,2822
2022-04-12,1313,4422772,77215499,17.9,17.9,17.25,17.25,-0.6,2106
2022-04-13,1313,1781283,31180764,17.35,17.7,17.3,17.65,0.4,970
2022-04-14,1313,1681156,29507913,17.7,17.7,17.45,17.5,-0.15,748
2022-04-15,1313,1936052,33444272,17.35,17.45,17.2,17.25,-0.25,1041
2022-04-18,1313,2528537,42780046,17.2,17.25,16.8,16.95,-0.3,1395
2022-04-19,1313,1348266,23132371,17.0,17.3,17.0,17.15,0.2,751
2022-04-20,1313,1186377,20481424,17.25,17.4,17.15,17.35,0.2,625
2022-04-21,1313,1485566,26040684,17.35,17.65,17.35,17.45,0.1,769
2022-04-22,1313,1004706,17421717,17.4,17.4,17.25,17.3,-0.15,647
2022-04-25,1313,3068927,51459928,17.2,17.2,16.65,16.7,-0.6,1705
2022-04-26,1313,4395353,74865761,16.8,17.3,16.8,17.05,0.35,1246
2022-04-27,1313,2943045,48684955,16.7,16.85,16.35,16.5,-0.55,1691
2022-04-28,1313,2088080,35022428,16.6,16.95,16.6,16.7,0.2,1018
2022-04-29,1313,1631347,27276521,16.85,16.95,16.55,16.55,-0.15,891
2022-05-03,1313,2706701,44045341,16.45,16.65,16.0,16.45,-0.1,1120
2022-05-04,1313,1261683,21146263,16.5,16.9,16.5,16.8,0.35,705
2022-05-05,1313,1040268,17651075,17.0,17.05,16.9,16.9,0.1,571
2022-05-06,1313,4715761,81604255,17.05,17.45,17.05,17.3,0.4,2039
2022-05-09,1313,3996051,66708340,17.05,17.1,16.45,16.45,-0.85,1893
2022-05-10,1313,2699567,43581309,16.35,16.35,16.0,16.1,-0.35,1353
2022-05-11,1313,3549902,55711907,16.1,16.1,15.45,15.7,-0.4,1675
2022-05-12,1313,3235443,49914208,15.55,15.75,15.15,15.25,-0.45,1450
2022-05-13,1313,3867386,61589585,15.4,16.2,15.4,16.1,0.85,1839
2022-05-16,1313,2074628,33768069,16.3,16.45,16.1,16.4,0.3,952
2022-05-17,1313,3081819,51941943,16.45,17.05,16.4,17.0,0.6,2275
2022-05-18,1313,1599911,27193346,16.95,17.1,16.85,17.0,0.0,980
2022-05-19,1313,1933735,32680762,16.4,17.2,16.4,17.15,0.15,942
2022-05-20,1313,1302709,22174127,17.0,17.15,16.9,16.95,-0.2,687
2022-05-23,1313,856448,14571893,17.1,17.15,16.95,17.0,0.05,454
2022-05-24,1313,1021474,17227481,17.0,17.0,16.75,16.75,-0.25,556
2022-05-25,1313,1222627,20727710,16.8,17.1,16.8,17.0,0.25,529
2022-05-26,1313,588765,10011588,17.05,17.15,16.9,16.9,-0.1,448
2022-05-27,1313,569391,9650037,17.0,17.05,16.85,16.95,0.05,418
2022-05-30,1313,1793854,30685385,17.05,17.2,17.0,17.1,0.15,727
2022-05-31,1313,1515653,25906648,17.1,17.15,16.95,17.15,0.05,463
2022-06-01,1313,1532415,26478115,17.15,17.4,17.15,17.25,0.1,754
2022-06-02,1313,650047,11185234,17.15,17.3,17.1,17.25,0.0,386
2022-06-06,1313,645711,11135597,17.3,17.35,17.15,17.25,0.0,360
2022-06-07,1313,595696,10240558,17.25,17.25,17.15,17.2,-0.05,370
2022-06-08,1313,1177623,20406399,17.25,17.4,17.25,17.3,0.1,662
2022-06-09,1313,1925538,33899368,17.35,17.75,17.3,17.6,0.3,1112
2022-06-10,1313,921105,16049474,17.5,17.5,17.35,17.4,-0.2,523
2022-06-13,1313,1645857,27840767,17.15,17.15,16.8,16.8,-0.6,1077
2022-06-14,1313,1254184,20716777,16.65,16.65,16.35,16.6,-0.2,788
2022-06-15,1313,1061555,17922905,16.65,17.05,16.65,16.95,0.35,730
2022-06-16,1313,791521,13285651,17.05,17.15,16.5,16.5,-0.45,593
2022-06-17,1313,1600622,26082692,16.1,16.45,16.1,16.35,-0.15,700
2022-06-20,1313,1879112,29812205,16.45,16.45,15.6,15.6,-0.75,1072
2022-06-21,1313,1347851,21673934,15.6,16.3,15.6,16.25,0.65,752
2022-06-22,1313,1166233,18593092,16.25,16.25,15.75,15.95,-0.3,622
2022-06-23,1313,1610199,25721486,16.0,16.3,15.7,15.85,-0.1,735
2022-06-24,1313,1469308,23865826,15.95,16.4,15.95,16.3,0.45,864
2022-06-27,1313,1801510,29934154,16.45,16.85,16.4,16.85,0.55,869
2022-06-28,1313,638636,10574129,16.6,16.7,16.45,16.5,-0.35,434
2022-06-29,1313,762301,12377274,16.3,16.35,16.15,16.2,-0.3,513
2022-06-30,1313,1866330,29427618,16.15,16.15,15.65,15.7,-0.5,899
2022-07-01,1313,2847552,43510627,15.65,15.85,15.0,15.0,-0.7,1333
2022-07-04,1313,1143069,17260681,15.2,15.35,14.9,15.0,0.0,660
2022-07-05,1313,1216813,18640357,15.3,15.5,15.15,15.35,0.35,600
2022-07-06,1313,1398057,20978888,15.35,15.45,14.8,14.95,-0.4,752
2022-07-07,1313,1408968,20979992,15.05,15.05,14.55,15.0,0.05,753
2022-07-08,1313,1387873,20874202,15.1,15.2,14.9,14.95,-0.05,598
2022-07-11,1313,1255811,18433041,15.0,15.1,14.55,14.6,-0.35,640
2022-07-12,1313,2572200,36031482,14.5,14.55,13.8,13.85,-0.75,1260
2022-07-13,1313,2516867,36593224,14.2,14.75,14.2,14.6,0.75,1243
2022-07-14,1313,1177852,17036514,14.45,14.6,14.25,14.55,-0.05,608
2022-07-15,1313,904789,12981396,14.55,14.55,14.2,14.35,-0.2,497
2022-07-18,1313,1092396,15924482,14.55,14.7,14.35,14.65,0.3,487
2022-07-19,1313,1108541,16311938,14.65,14.9,14.45,14.85,0.2,550
2022-07-20,1313,1397851,20975331,15.05,15.15,14.85,14.85,0.0,661
2022-07-21,1313,783007,11708612,14.95,15.05,14.8,15.05,0.2,327
2022-07-22,1313,918742,13765069,15.0,15.1,14.9,15.0,-0.05,389
2022-07-25,1313,835372,12610572,15.1,15.2,14.9,15.15,0.15,354
2022-07-26,1313,626500,9412363,15.15,15.2,15.0,15.0,-0.15,288
2022-07-27,1313,452483,6761361,14.9,15.1,14.8,15.0,0.0,242
2022-07-28,1313,726548,10942991,15.05,15.15,15.0,15.05,0.05,315
2022-07-29,1313,727695,11013011,15.1,15.2,15.05,15.15,0.1,347
2022-08-01,1313,1192443,18296676,15.2,15.5,15.1,15.45,0.3,522
2022-08-02,1313,948164,14323534,15.25,15.25,15.05,15.05,-0.4,448
2022-08-03,1313,710332,10629616,15.0,15.05,14.85,14.95,-0.1,369
2022-08-04,1313,11015378,149939043,14.45,14.45,13.5,13.55,-1.4,4476
2022-08-05,1313,4611949,61716008,13.3,13.6,13.2,13.4,-0.15,2256
2022-08-08,1313,3668525,47533129,13.3,13.35,12.8,12.9,-0.5,1615
2022-08-09,1313,2548212,33369512,12.9,13.3,12.8,13.2,0.3,1068
2022-08-10,1313,1201286,15975168,13.1,13.4,13.1,13.35,0.15,704
2022-08-11,1313,1395186,18747293,13.4,13.5,13.35,13.45,0.1,564
2022-08-12,1313,3049768,41535228,13.4,13.75,13.4,13.55,0.1,1363
2022-08-15,1313,1663036,22532795,13.6,13.65,13.4,13.55,0.0,637
2022-08-16,1313,1063912,14524694,13.6,13.7,13.55,13.65,0.1,528
2022-08-17,1313,1136849,15625276,13.6,13.8,13.6,13.75,0.1,598
2022-08-18,1313,952594,12989475,13.65,13.7,13.55,13.65,-0.1,428
2022-08-19,1313,895747,12279286,13.65,13.8,13.55,13.75,0.1,487
2022-08-22,1313,1039513,14295539,13.65,13.85,13.65,13.75,0.0,489
2022-08-23,1313,557897,7633674,13.75,13.75,13.6,13.75,0.0,317
2022-08-24,1313,2372477,33367569,13.8,14.3,13.8,13.95,0.2,1175
2022-08-25,1313,1154076,16133706,14.0,14.15,13.85,13.95,0.0,612
2022-08-26,1313,652690,9157203,14.1,14.1,13.95,14.0,0.05,392
2022-08-29,1313,874328,11931579,13.8,13.8,13.55,13.65,-0.35,538
2022-08-30,1313,669095,9221667,13.7,13.85,13.65,13.85,0.2,361
2022-08-31,1313,906044,12648308,13.85,14.1,13.75,14.05,0.2,499
2022-09-01,1313,1077029,14811036,13.85,13.85,13.65,13.75,-0.3,628
2022-09-02,1313,619926,8494887,13.75,13.85,13.65,13.65,-0.1,363
2022-09-05,1313,744045,10050582,13.65,13.65,13.4,13.45,-0.2,451
2022-09-06,1313,629871,8525791,13.55,13.7,13.35,13.4,-0.05,383
2022-09-07,1313,948845,12637275,13.3,13.4,13.2,13.35,-0.05,573
2022-09-08,1313,678631,9091756,13.35,13.5,13.3,13.5,0.15,347
2022-09-12,1313,748205,10166555,13.55,13.7,13.45,13.65,0.15,429
2022-09-13,1313,518341,7111244,13.7,13.8,13.65,13.75,0.1,305
2022-09-14,1313,568582,7714035,13.5,13.65,13.4,13.55,-0.2,473
2022-09-15,1313,982872,13533314,13.55,13.95,13.55,13.75,0.2,455
2022-09-16,1313,893567,12160528,13.65,13.75,13.55,13.55,-0.2,373
2022-09-19,1313,669825,9030315,13.8,13.8,13.4,13.4,-0.15,463
2022-09-20,1313,488277,6549351,13.55,13.55,13.35,13.4,0.0,322
2022-09-21,1313,979347,12951983,13.3,13.4,13.1,13.15,-0.25,764
2022-09-22,1313,683602,8891501,13.2,13.2,12.9,13.05,-0.1,491
2022-09-23,1313,593745,7742831,13.05,13.2,12.9,13.05,0.0,433
2022-09-26,1313,2107322,26717313,12.9,12.9,12.5,12.55,-0.5,1030
2022-09-27,1313,1976022,24445078,12.5,12.65,12.2,12.35,-0.2,848
2022-09-28,1313,2081683,25229402,12.4,12.55,11.9,11.95,-0.4,1113
2022-09-29,1313,1272943,15471651,12.0,12.3,12.0,12.15,0.2,620
2022-09-30,1313,2019283,24538049,11.95,12.35,11.9,12.25,0.1,699
2022-10-03,1313,813033,9990671,12.15,12.4,12.1,12.35,0.1,398
2022-10-04,1313,898036,11245250,12.5,12.65,12.45,12.5,0.15,450
2022-10-05,1313,1126882,14218112,12.65,12.7,12.5,12.7,0.2,599
2022-10-06,1313,693189,8780277,12.7,12.75,12.55,12.75,0.05,385
2022-10-07,1313,757009,9608664,12.65,12.75,12.6,12.65,-0.1,512
2022-10-11,1313,845297,10273255,12.3,12.3,12.05,12.15,-0.5,546
2022-10-12,1313,942197,11355189,12.15,12.2,11.9,12.15,0.0,485
2022-10-13,1313,1987906,23519382,12.1,12.1,11.65,11.7,-0.45,834
2022-10-14,1313,3501001,43361084,12.0,12.65,11.85,12.6,0.9,1392
2022-10-17,1313,1750860,21266456,12.45,12.5,11.9,12.2,-0.4,985
2022-10-18,1313,1250122,15240309,12.3,12.35,12.05,12.25,0.05,614
2022-10-19,1313,1250849,15390107,12.25,12.45,12.1,12.2,-0.05,616
2022-10-20,1313,3290232,40133037,12.2,12.45,11.95,12.45,0.25,951
2022-10-21,1313,1247510,15176446,12.2,12.35,12.0,12.15,-0.3,753
2022-10-24,1313,969739,11820621,12.3,12.35,12.1,12.15,0.0,492
2022-10-25,1313,746200,9089881,12.2,12.25,12.05,12.25,0.1,468
2022-10-26,1313,1202381,14554884,12.2,12.2,12.0,12.1,-0.15,623
2022-10-27,1313,1149196,14162604,12.15,12.45,12.15,12.4,0.3,539
2022-10-28,1313,711581,8766522,12.4,12.5,12.2,12.2,-0.2,362
2022-10-31,1313,573141,6997478,12.3,12.3,12.15,12.2,0.0,289
2022-11-01,1313,726045,8919365,12.25,12.35,12.15,12.3,0.1,270
2022-11-02,1313,736154,9131688,12.35,12.5,12.3,12.4,0.1,395
2022-11-03,1313,391111,4804704,12.25,12.35,12.2,12.3,-0.1,264
2022-11-04,1313,408033,5026015,12.25,12.45,12.2,12.45,0.15,237
2022-11-07,1313,923847,11578774,12.5,12.6,12.35,12.6,0.15,442
2022-11-08,1313,844756,10665354,12.65,12.7,12.55,12.6,0.0,464
2022-11-09,1313,1276169,16029991,12.65,12.7,12.5,12.5,-0.1,617
2022-11-10,1313,1268399,15604534,12.35,12.45,12.2,12.35,-0.15,588
2022-11-11,1313,1140277,14196327,12.5,12.6,12.35,12.4,0.05,563
2022-11-14,1313,4824233,62290911,12.4,13.2,12.4,13.15,0.75,1742
2022-11-15,1313,1772664,23057863,13.15,13.15,12.9,13.1,-0.05,847
2022-11-16,1313,1853197,23640929,13.1,13.1,12.55,12.6,-0.5,967
2022-11-17,1313,737839,9400146,12.65,12.85,12.6,12.8,0.2,425
2022-11-18,1313,993947,12592514,12.8,12.85,12.55,12.6,-0.2,454
2022-11-21,1313,352982,4454086,12.6,12.7,12.55,12.6,0.0,230
2022-11-22,1313,626468,7916459,12.7,12.7,12.6,12.65,0.05,257
2022-11-23,1313,634046,8101982,12.75,12.85,12.75,12.75,0.1,345
2022-11-24,1313,1834958,23712174,12.8,13.0,12.8,12.95,0.2,703
2022-11-25,1313,1916802,25139981,12.95,13.25,12.95,13.1,0.15,707
2022-11-28,1313,1426194,18706361,13.0,13.3,12.8,13.3,0.2,606
2022-11-29,1313,1659190,22199988,13.1,13.55,13.05,13.5,0.2,716
2022-11-30,1313,8686939,121073966,13.5,14.2,13.5,14.05,0.55,2680
2022-12-01,1313,4453843,62462096,14.05,14.2,13.9,14.0,-0.05,1483
2022-12-02,1313,1207624,16880459,14.05,14.1,13.9,13.9,-0.1,526
2022-12-05,1313,2225654,31557292,14.0,14.35,13.9,14.1,0.2,936
2022-12-06,1313,2763733,38419168,14.1,14.3,13.6,13.6,-0.5,1006
2022-12-07,1313,1586166,21471210,13.5,13.8,13.4,13.5,-0.1,605
2022-12-08,1313,888056,11907491,13.5,13.5,13.3,13.45,-0.05,402
2022-12-09,1313,2154640,29849336,13.45,13.95,13.45,13.85,0.4,941
2022-12-12,1313,943664,12862560,13.85,13.85,13.5,13.6,-0.25,416
2022-12-13,1313,1009672,13895711,13.65,13.9,13.6,13.8,0.2,456
2022-12-14,1313,1250733,17338591,13.9,13.95,13.75,13.9,0.1,654
2022-12-15,1313,2648072,37397080,13.9,14.25,13.85,14.1,0.2,994
2022-12-16,1313,5094273,71680218,14.1,14.35,13.85,13.9,-0.2,2083
2022-12-19,1313,1452049,20023502,13.85,13.9,13.65,13.7,-0.2,595
2022-12-20,1313,2304091,30835889,13.65,13.75,13.1,13.15,-0.55,1012
2022-12-21,1313,1557377,20986346,13.25,13.55,13.25,13.5,0.35,477
2022-12-22,1313,2534485,35334114,13.6,14.1,13.5,14.05,0.55,1069
2022-12-23,1313,1515843,20899365,13.9,14.0,13.6,13.8,-0.25,661
2022-12-26,1313,1539074,21541586,13.8,14.2,13.75,14.1,0.3,645
2022-12-27,1313,1477825,20608752,14.1,14.2,13.8,13.85,-0.25,625
2022-12-28,1313,1481682,20470212,13.85,14.05,13.6,13.65,-0.2,674
2022-12-29,1313,775007,10454672,13.55,13.6,13.4,13.55,-0.1,418
2022-12-30,1313,705910,9657340,13.65,13.8,13.6,13.6,0.05,281
2023-01-03,1313,1018204,13725106,13.7,13.7,13.35,13.55,-0.05,424
2023-01-04,1313,717449,9795971,13.6,13.75,13.55,13.7,0.15,294
2023-01-05,1313,880955,12100381,13.7,13.85,13.55,13.65,-0.05,398
2023-01-06,1313,449176,6112266,13.65,13.7,13.55,13.55,-0.1,227
2023-01-09,1313,579150,7943736,13.75,13.8,13.65,13.75,0.2,310
2023-01-10,1313,901081,12438669,13.75,13.9,13.7,13.75,0.0,388
2023-01-11,1313,503174,6937489,13.85,13.9,13.75,13.75,0.0,318
2023-01-12,1313,4080232,57397046,13.8,14.2,13.8,14.2,0.45,1594
2023-01-13,1313,3900754,55700444,14.25,14.45,14.1,14.2,0.0,1468
2023-01-16,1313,1800758,25274226,14.25,14.25,13.9,14.0,-0.2,748
2023-01-17,1313,3603177,51597920,14.15,14.4,14.1,14.4,0.4,1388
2023-01-30,1313,4594942,67332689,14.8,14.95,14.4,14.55,0.15,1660
2023-01-31,1313,2667181,39449448,14.9,14.9,14.7,14.8,0.25,1124
2023-02-01,1313,5659560,85163048,14.85,15.2,14.85,15.05,0.25,1889
2023-02-02,1313,2942896,44652664,15.2,15.3,15.05,15.2,0.15,1290
2023-02-03,1313,3660411,55952036,15.2,15.5,15.0,15.5,0.3,1585
2023-02-06,1313,3832779,60101636,15.5,15.85,15.4,15.75,0.25,1364
2023-02-07,1313,3305199,50761189,15.7,15.7,15.2,15.3,-0.45,1670
2023-02-08,1313,2974185,45003071,15.3,15.3,15.05,15.15,-0.15,1062
2023-02-09,1313,1117161,16945541,15.2,15.3,15.05,15.15,0.0,514
2023-02-10,1313,2814592,41750471,15.1,15.1,14.75,14.8,-0.35,950
2023-02-13,1313,1371205,20303874,14.85,14.95,14.65,14.8,0.0,457
2023-02-14,1313,1510925,22848878,14.85,15.3,14.85,15.25,0.45,675
2023-02-15,1313,958452,14561700,15.3,15.35,15.05,15.15,-0.1,521
2023-02-16,1313,1087840,16508216,15.15,15.25,15.1,15.25,0.1,442
2023-02-17,1313,578650,8803809,15.15,15.3,15.15,15.2,-0.05,316
2023-02-20,1313,2506619,38977162,15.25,15.7,15.25,15.65,0.45,985
2023-02-21,1313,1384561,21630555,15.65,15.8,15.55,15.55,-0.1,660
2023-02-22,1313,1362999,21086686,15.45,15.65,15.25,15.6,0.05,699
2023-02-23,1313,1441078,22584101,15.6,15.8,15.6,15.6,0.0,586
2023-02-24,1313,1265114,19584387,15.65,15.7,15.4,15.55,-0.05,553
2023-03-01,1313,1565150,23734795,15.5,15.5,15.05,15.1,-0.45,727
2023-03-02,1313,2079130,31301313,15.1,15.4,14.9,15.1,0.0,777
2023-03-03,1313,650743,9889657,15.15,15.3,15.05,15.2,0.1,382
2023-03-06,1313,673112,10300400,15.25,15.4,15.2,15.3,0.1,420
2023-03-07,1313,1414297,21686058,15.3,15.4,15.25,15.35,0.05,518
2023-03-08,1313,2720497,42334322,15.5,15.7,15.4,15.6,0.25,1120
2023-03-09,1313,1319908,20390568,15.6,15.65,15.3,15.4,-0.2,743
2023-03-10,1313,3297083,49686222,15.2,15.3,14.95,15.0,-0.4,1186
2023-03-13,1313,1954891,28974565,15.0,15.05,14.6,14.9,-0.1,767
2023-03-14,1313,1327273,19565978,14.75,14.85,14.65,14.7,-0.2,530
2023-03-15,1313,848182,12509510,14.8,14.85,14.6,14.75,0.05,466
2023-03-16,1313,1984634,28440321,14.5,14.5,14.2,14.25,-0.5,874
2023-03-17,1313,1203257,17403137,14.35,14.6,14.3,14.55,0.3,385
2023-03-20,1313,856035,12555329,14.75,14.75,14.55,14.65,0.1,448
2023-03-21,1313,718952,10503131,14.7,14.7,14.55,14.55,-0.1,393
2023-03-22,1313,1213373,17674010,14.6,14.65,14.5,14.55,0.0,489
2023-03-23,1313,784551,11335899,14.35,14.55,14.35,14.45,0.0,365
2023-03-24,1313,774051,11235005,14.45,14.6,14.45,14.5,0.05,299
2023-03-27,1313,735617,10619029,14.5,14.55,14.4,14.45,-0.05,410
2023-03-28,1313,768539,11041744,14.45,14.45,14.3,14.35,-0.1,370
2023-03-29,1313,487434,7000951,14.35,14.45,14.3,14.35,0.0,280
2023-03-30,1313,600556,8670580,14.45,14.55,14.35,14.4,0.05,305
2023-03-31,1313,1003837,14477624,14.45,14.5,14.35,14.4,0.0,374
2023-04-06,1313,1277572,18494249,14.45,14.6,14.3,14.5,0.1,478
2023-04-07,1313,743732,10839482,14.6,14.65,14.5,14.65,0.15,336
2023-04-10,1313,1779635,26590614,14.8,15.0,14.8,15.0,0.35,801
2023-04-11,1313,3247927,48836339,15.0,15.2,14.8,15.05,0.05,908
2023-04-12,1313,1150046,17321697,15.05,15.15,14.95,15.0,-0.05,596
2023-04-13,1313,1185316,17841513,15.0,15.15,14.95,15.1,0.1,521
2023-04-14,1313,3645439,55482432,15.1,15.4,15.05,15.15,0.05,1055
2023-04-17,1313,1960127,29839188,15.2,15.4,15.15,15.2,0.05,524
2023-04-18,1313,1029402,15510442,15.2,15.25,14.95,14.95,-0.25,519
2023-04-19,1313,1110670,16608431,15.05,15.05,14.85,14.85,-0.1,657
2023-04-20,1313,770539,11414398,14.8,14.9,14.7,14.8,-0.05,357
2023-04-21,1313,1263450,18462986,14.75,14.85,14.5,14.55,-0.25,576
2023-04-24,1313,2448839,36881859,14.55,15.3,14.55,15.05,0.5,969
2023-04-25,1313,1944159,29294042,15.2,15.35,14.7,14.8,-0.25,834
2023-04-26,1313,996321,14844229,14.8,15.1,14.7,15.1,0.3,581
2023-04-27,1313,595045,8940979,15.1,15.1,14.95,15.05,-0.05,332
2023-04-28,1313,684776,10228834,15.15,15.15,14.8,14.95,-0.1,486
2023-05-02,1313,828326,12222042,14.85,14.9,14.7,14.7,-0.25,588
2023-05-03,1313,1537164,22268340,14.65,14.65,14.4,14.4,-0.3,732
2023-05-04,1313,846740,12270768,14.5,14.6,14.35,14.55,0.15,386
2023-05-05,1313,376902,5516951,14.6,14.7,14.55,14.55,0.0,214
2023-05-08,1313,339813,4945913,14.75,14.75,14.5,14.5,-0.05,253
2023-05-09,1313,736768,10611176,14.65,14.65,14.3,14.35,-0.15,403
2023-05-10,1313,563938,8086720,14.35,14.4,14.3,14.4,0.05,298
2023-05-11,1313,1200204,17004226,14.45,14.45,14.05,14.05,-0.35,592
2023-05-12,1313,781071,10937228,14.1,14.1,13.95,14.05,0.0,359
2023-05-15,1313,575525,8042290,13.95,14.15,13.9,14.1,0.05,275
2023-05-16,1313,630001,8983928,14.1,14.35,14.1,14.25,0.15,435
2023-05-17,1313,1449103,21058429,14.3,14.7,14.25,14.7,0.45,947
2023-05-18,1313,813451,11861518,14.75,14.75,14.5,14.55,-0.15,384
2023-05-19,1313,520282,7535132,14.65,14.65,14.4,14.45,-0.1,330
2023-05-22,1313,489951,7112068,14.5,14.65,14.4,14.6,0.15,227
2023-05-23,1313,612409,8936403,14.6,14.65,14.5,14.55,-0.05,388
2023-05-24,1313,579364,8438721,14.55,14.7,14.45,14.65,0.1,640
2023-05-25,1313,963530,13923614,14.55,14.6,14.35,14.35,-0.3,544
2023-05-26,1313,1089479,15420400,14.25,14.35,14.1,14.15,-0.2,675
2023-05-29,1313,1343197,19000387,14.2,14.35,14.1,14.15,0.0,547
2023-05-30,1313,452384,6406109,14.15,14.2,14.1,14.15,0.0,272
2023-05-31,1313,1698451,24254880,14.15,14.45,14.15,14.35,0.2,928
2023-06-01,1313,853685,12159907,14.35,14.4,14.2,14.2,-0.15,594
2023-06-02,1313,865235,12313775,14.25,14.3,14.15,14.2,0.0,442
2023-06-05,1313,1767223,25620132,14.25,14.6,14.25,14.55,0.35,696
2023-06-06,1313,1655231,24298546,14.55,14.85,14.55,14.7,0.15,665
2023-06-07,1313,1003236,14796633,14.7,14.8,14.7,14.7,0.0,505
2023-06-08,1313,911847,13259786,14.65,14.65,14.45,14.45,-0.25,452
2023-06-09,1313,963492,14043190,14.45,14.7,14.45,14.55,0.1,397
2023-06-12,1313,1243403,17883822,14.55,14.65,14.3,14.35,-0.2,509
2023-06-13,1313,1083547,15542288,14.4,14.45,14.25,14.35,0.0,466
2023-06-14,1313,638807,9137146,14.35,14.4,14.25,14.3,-0.05,400
2023-06-15,1313,860508,12282034,14.25,14.4,14.2,14.35,0.05,473
2023-06-16,1313,1804674,26086301,14.35,14.75,14.25,14.35,0.0,708
2023-06-19,1313,713834,10328869,14.35,14.55,14.35,14.45,0.1,361
2023-06-20,1313,407776,5891031,14.6,14.6,14.4,14.4,-0.05,232
2023-06-21,1313,595425,8576195,14.4,14.5,14.35,14.5,0.1,368
2023-06-26,1313,576356,8299615,14.55,14.55,14.35,14.35,-0.15,263
2023-06-27,1313,12435723,186575909,14.35,15.2,14.25,15.05,0.7,4108
2023-06-28,1313,3181393,47498033,15.1,15.1,14.7,14.85,-0.2,1298
2023-06-29,1313,2174762,32125665,14.85,15.05,14.65,14.8,-0.05,833
2023-06-30,1313,1785016,26670257,14.85,15.1,14.85,14.85,0.05,760
2023-07-03,1313,1347003,20099501,14.95,15.0,14.85,14.95,0.1,620
2023-07-04,1313,1678378,24746241,14.85,14.95,14.65,14.75,-0.2,740
2023-07-05,1313,660878,9713891,14.75,14.8,14.65,14.65,-0.1,400
2023-07-06,1313,1378091,19996240,14.6,14.65,14.4,14.5,-0.15,670
2023-07-07,1313,1530157,21788057,14.45,14.45,14.15,14.3,-0.2,801
2023-07-10,1313,882041,12627587,14.3,14.4,14.25,14.3,0.0,394
2023-07-11,1313,666249,9530646,14.3,14.4,14.25,14.3,0.0,318
2023-07-12,1313,921869,13150419,14.3,14.35,14.2,14.2,-0.1,448
2023-07-13,1313,1344447,19168010,14.25,14.4,14.2,14.25,0.05,601
2023-07-14,1313,1969596,28538258,14.3,14.6,14.2,14.55,0.3,795
2023-07-17,1313,8144059,123594968,14.7,15.35,14.7,15.3,0.75,2852
2023-07-18,1313,27704684,458344856,16.1,16.8,16.0,16.65,1.35,9852
2023-07-19,1313,10388126,165555194,16.2,16.3,15.6,15.75,-0.9,4200
2023-07-20,1313,6133542,99246556,15.75,16.4,15.75,16.3,0.55,2507
2023-07-21,1313,3295714,53430126,16.2,16.45,16.05,16.15,-0.15,1571
2023-07-24,1313,3304102,52334425,16.35,16.35,15.65,15.8,-0.35,1455
2023-07-25,1313,1769634,27889555,15.8,15.9,15.7,15.85,0.05,811
2023-07-26,1313,8824262,145458911,16.0,16.75,15.95,16.6,0.75,3405
2023-07-27,1313,14952124,257300793,17.25,17.45,16.9,17.15,0.55,5979
2023-07-28,1313,6041197,101090157,17.15,17.15,16.5,16.7,-0.45,2751
2023-07-31,1313,4609425,78058666,16.9,17.2,16.7,16.75,0.05,1832
2023-08-01,1313,10537521,182826658,16.9,17.75,16.85,17.4,0.65,3920
2023-08-02,1313,8156862,140933897,17.35,17.75,17.0,17.05,-0.35,3486
2023-08-04,1313,3642956,61386863,17.0,17.0,16.55,16.95,-0.1,1478
2023-08-07,1313,6121706,99658069,16.7,16.7,16.05,16.25,-0.7,2556
2023-08-08,1313,2430241,39515063,16.25,16.45,16.1,16.35,0.1,1084
2023-08-09,1313,1183300,19250423,16.45,16.45,16.15,16.2,-0.15,650
2023-08-10,1313,2954889,46829911,16.2,16.2,15.7,15.75,-0.45,1261
2023-08-11,1313,1593098,25327365,15.85,16.15,15.75,15.8,0.05,720
2023-08-14,1313,3856783,58943443,15.6,15.6,15.15,15.2,-0.6,1432
2023-08-15,1313,1527114,23137171,15.3,15.3,15.05,15.1,-0.1,683
2023-08-16,1313,2134108,31649671,15.0,15.0,14.65,14.85,-0.25,898
2023-08-17,1313,1940794,29206971,14.8,15.3,14.75,15.15,0.3,998
2023-08-18,1313,2294511,35227023,15.05,15.7,15.0,15.3,0.15,1093
2023-08-21,1313,1609332,24461007,15.4,15.55,15.05,15.1,-0.2,696
2023-08-22,1313,1404942,21155388,15.15,15.2,14.95,14.95,-0.15,602
2023-08-23,1313,1237046,18557852,15.05,15.1,14.9,15.0,0.05,481
2023-08-24,1313,1357540,20656939,15.05,15.35,15.05,15.2,0.2,574
2023-08-25,1313,1858269,28687513,15.2,15.65,15.15,15.45,0.25,906
2023-08-28,1313,1483505,22463242,15.4,15.5,14.95,15.0,-0.45,807
2023-08-29,1313,759146,11486965,15.15,15.25,15.0,15.2,0.2,371
2023-08-30,1313,706828,10786271,15.2,15.35,15.15,15.3,0.1,377
2023-08-31,1313,804550,12168746,15.3,15.3,15.05,15.05,-0.25,526
2023-09-01,1313,1090103,16611185,15.05,15.35,15.05,15.3,0.25,553
2023-09-04,1313,2613763,40779777,15.25,15.8,15.25,15.8,0.5,1149
2023-09-05,1313,2480532,39111351,15.7,16.05,15.5,15.75,-0.05,1185
2023-09-06,1313,1710910,26501635,15.75,15.8,15.4,15.45,-0.3,961
2023-09-07,1313,1053454,16098190,15.4,15.4,15.2,15.3,-0.15,593
2023-09-08,1313,2075182,32379132,15.4,15.75,15.4,15.7,0.4,1059
2023-09-11,1313,1174730,18274421,15.8,15.8,15.45,15.45,-0.25,573
2023-09-12,1313,588951,9156983,15.45,15.6,15.45,15.6,0.15,322
2023-09-13,1313,1399092,21992413,15.6,15.85,15.55,15.75,0.15,710
2023-09-14,1313,1039092,16254584,15.75,15.8,15.55,15.65,-0.1,596
2023-09-15,1313,2496339,38670837,15.65,15.65,15.3,15.65,0.0,1051
2023-09-18,1313,889414,13918099,15.6,15.8,15.5,15.7,0.05,417
2023-09-19,1313,1155906,18129954,15.65,15.85,15.55,15.65,-0.05,494
2023-09-20,1313,1013992,15687391,15.65,15.65,15.35,15.4,-0.25,556
2023-09-21,1313,1411749,21400912,15.4,15.4,15.05,15.1,-0.3,698
2023-09-22,1313,840262,12679515,15.05,15.25,14.95,15.15,0.05,425
2023-09-25,1313,372300,5645183,15.2,15.2,15.1,15.2,0.05,213
2023-09-26,1313,1243931,18688915,15.15,15.15,14.95,15.0,-0.2,456
2023-09-27,1313,1174886,17466663,14.95,15.05,14.8,14.8,-0.2,634
2023-09-28,1313,861593,12810058,14.85,14.95,14.8,14.85,0.05,383
2023-10-02,1313,606266,9080380,14.95,15.05,14.9,15.0,0.15,367
2023-10-03,1313,732317,10879672,15.05,15.05,14.75,14.8,-0.2,409
2023-10-04,1313,1449265,21063161,14.75,14.75,14.45,14.5,-0.3,741
2023-10-05,1313,834657,12373924,14.65,14.9,14.65,14.85,0.35,513
2023-10-06,1313,457319,6812530,15.0,15.0,14.8,14.9,0.05,314
2023-10-11,1313,3045057,46559568,15.2,15.45,15.15,15.2,0.3,1050
2023-10-12,1313,1075096,16480138,15.3,15.45,15.25,15.35,0.15,486
2023-10-13,1313,657750,10019428,15.25,15.4,15.1,15.15,-0.2,357
2023-10-16,1313,748952,11446020,15.25,15.4,15.1,15.3,0.15,341
2023-10-17,1313,560966,8491411,15.35,15.35,15.05,15.05,-0.25,342
2023-10-18,1313,959012,14274835,15.0,15.05,14.75,14.8,-0.25,564
2023-10-19,1313,875723,12894266,14.8,14.85,14.65,14.75,-0.05,427
2023-10-20,1313,1206273,17436522,14.7,14.7,14.3,14.55,-0.2,644
2023-10-23,1313,399138,5843087,14.4,14.75,14.4,14.6,0.05,267
2023-10-24,1313,492114,7172099,14.6,14.75,14.45,14.6,0.0,262
2023-10-25,1313,613185,9053332,14.65,14.9,14.65,14.8,0.2,327
2023-10-26,1313,1241510,18170680,14.65,14.9,14.45,14.8,0.0,596
2023-10-27,1313,1166543,17354426,14.7,15.05,14.55,14.95,0.15,541
2023-10-30,1313,390279,5809749,15.0,15.1,14.75,14.75,-0.2,351
2023-10-31,1313,699853,10323380,14.9,14.9,14.6,14.75,0.0,341
2023-11-01,1313,287320,4258410,14.9,15.0,14.7,14.8,0.05,187
2023-11-02,1313,667913,9893472,14.75,14.9,14.75,14.85,0.05,298
2023-11-03,1313,1382189,20900977,15.1,15.25,14.95,15.2,0.35,594
2023-11-06,1313,563116,8582219,15.2,15.3,15.2,15.3,0.1,389
2023-11-07,1313,480910,7316356,15.2,15.3,15.1,15.2,-0.1,263
2023-11-08,1313,1138160,17358841,15.05,15.35,15.05,15.25,0.05,491
2023-11-09,1313,2213252,34091239,15.2,15.7,15.2,15.25,0.0,801
2023-11-10,1313,4953359,77459993,15.25,15.85,15.25,15.55,0.3,1615
2023-11-13,1313,2002215,31215071,15.7,15.75,15.4,15.45,-0.1,721
2023-11-14,1313,2677262,42210506,15.55,15.9,15.4,15.85,0.4,1367
2023-11-15,1313,4596246,73788560,15.95,16.25,15.85,16.2,0.35,1782
2023-11-16,1313,2301371,37421394,16.25,16.45,16.15,16.2,0.0,1094
2023-11-17,1313,1695767,27468468,16.3,16.35,16.1,16.2,0.0,786
2023-11-20,1313,1267519,20549219,16.3,16.4,16.1,16.15,-0.05,684
2023-11-21,1313,1947534,31255581,16.15,16.2,15.9,16.0,-0.15,1065
2023-11-22,1313,1070343,17210408,16.0,16.15,15.95,16.1,0.1,583
2023-11-23,1313,1714603,27256593,16.15,16.25,15.75,15.8,-0.3,873
2023-11-24,1313,1163860,18616736,15.85,16.2,15.85,15.95,0.15,515
2023-11-27,1313,858442,13750658,16.05,16.15,15.85,15.85,-0.1,456
2023-11-28,1313,558107,8907071,16.0,16.0,15.9,15.95,0.1,310
2023-11-29,1313,1157770,18481402,16.0,16.05,15.85,16.05,0.1,562
2023-11-30,1313,1078364,17229932,16.0,16.1,15.9,15.9,-0.15,572
2023-12-01,1313,1880643,30270650,16.0,16.2,16.0,16.1,0.2,898
2023-12-04,1313,1667532,26932945,16.2,16.25,16.05,16.15,0.05,642
2023-12-05,1313,2446030,39780142,16.15,16.4,16.1,16.4,0.25,1022
2023-12-06,1313,2205374,35820994,16.4,16.45,16.1,16.2,-0.2,999
2023-12-07,1313,1516577,24351821,16.15,16.3,15.9,15.95,-0.25,638
2023-12-08,1313,2526530,39758869,15.95,16.0,15.55,15.7,-0.25,1169
2023-12-11,1313,1221262,19060228,15.7,15.7,15.5,15.55,-0.15,595
2023-12-12,1313,1274199,19742446,15.55,15.6,15.4,15.5,-0.05,580
2023-12-13,1313,861004,13424819,15.6,15.6,15.4,15.55,0.05,428
2023-12-14,1313,1238321,19320479,15.55,15.75,15.5,15.55,0.0,622
2023-12-15,1313,1932003,30506134,15.6,15.9,15.6,15.85,0.3,758
2023-12-18,1313,1310305,20835787,15.9,16.05,15.8,15.85,0.0,588
2023-12-19,1313,1266733,19757437,15.9,15.9,15.45,15.5,-0.35,658
2023-12-20,1313,706926,11053180,15.55,15.75,15.55,15.65,0.15,354
2023-12-21,1313,696716,10851639,15.5,15.7,15.5,15.55,-0.1,375
2023-12-22,1313,2714276,41213648,15.45,15.5,15.1,15.1,-0.45,1269
2023-12-25,1313,1552573,23331569,15.15,15.2,14.95,15.0,-0.1,768
2023-12-26,1313,1132739,17298030,15.15,15.35,15.15,15.3,0.3,544
2023-12-27,1313,625132,9549389,15.3,15.35,15.2,15.3,0.0,390
2023-12-28,1313,805157,12254167,15.25,15.3,15.1,15.3,0.0,460
2023-12-29,1313,466669,7101395,15.15,15.3,15.15,15.2,-0.1,293
2024-01-02,1313,829845,12541922,15.1,15.2,15.05,15.1,-0.1,380
2024-01-03,1313,861145,12979051,15.1,15.2,15.0,15.05,-0.05,484
2024-01-04,1313,458914,6928465,15.05,15.15,15.0,15.1,0.05,288
2024-01-05,1313,399319,6039835,15.1,15.2,15.1,15.1,0.0,247
2024-01-08,1313,505623,7657190,15.1,15.2,15.1,15.15,0.05,235
2024-01-09,1313,1107169,16623917,15.25,15.25,14.95,14.95,-0.2,617
2024-01-10,1313,1035743,15388057,14.9,15.0,14.8,14.8,-0.15,508
2024-01-11,1313,524321,7772265,14.8,14.9,14.8,14.8,0.0,337
2024-01-12,1313,589105,8768947,14.8,14.95,14.8,14.85,0.05,299
2024-01-15,1313,512202,7648125,14.8,15.0,14.8,14.9,0.05,271
2024-01-16,1313,2687045,38943222,14.8,14.8,14.35,14.4,-0.5,1453
2024-01-17,1313,2740061,38852630,14.3,14.35,14.05,14.2,-0.2,1288
2024-01-18,1313,749734,10612498,14.05,14.3,14.05,14.15,-0.05,463
2024-01-19,1313,753826,10686254,14.15,14.25,14.05,14.25,0.1,376
2024-01-22,1313,919697,13004396,14.25,14.25,14.1,14.1,-0.15,540
2024-01-23,1313,686026,9745018,14.15,14.3,14.15,14.25,0.15,348
2024-01-24,1313,1468227,21001904,14.25,14.45,14.2,14.35,0.1,643
2024-01-25,1313,503856,7212639,14.4,14.4,14.3,14.3,-0.05,317
2024-01-26,1313,2095421,30656442,14.4,14.75,14.35,14.7,0.4,911
2024-01-29,1313,3089469,46390876,14.9,15.1,14.8,15.1,0.4,1226
2024-01-30,1313,1542773,23123455,15.1,15.1,14.9,14.95,-0.15,652
2024-01-31,1313,972945,14570382,14.95,15.05,14.9,14.95,0.0,484
2024-02-01,1313,1204748,18254677,14.95,15.3,14.95,15.15,0.2,570
2024-02-02,1313,965197,14492940,15.15,15.15,14.95,15.0,-0.15,417
2024-02-05,1313,807216,11954085,14.95,14.95,14.75,14.8,-0.2,411
2024-02-15,1313,1751540,26266909,14.85,15.15,14.75,15.1,0.3,613
2024-02-16,1313,1720672,26124206,15.0,15.3,15.0,15.2,0.1,618
2024-02-19,1313,2477070,38312411,15.25,15.55,15.25,15.55,0.35,926
2024-02-20,1313,1594838,24645080,15.55,15.6,15.35,15.45,-0.1,548
2024-02-21,1313,1079482,16596767,15.5,15.5,15.3,15.35,-0.1,526
2024-02-22,1313,1361966,20682590,15.35,15.35,15.1,15.1,-0.25,635
2024-02-23,1313,671268,10129656,15.1,15.15,15.0,15.05,-0.05,413
2024-02-26,1313,929894,13965891,15.0,15.1,14.95,15.05,0.0,447
2024-02-27,1313,1051940,15643412,15.05,15.1,14.75,14.8,-0.25,588
2024-02-29,1313,1763062,25895816,14.75,14.8,14.55,14.65,-0.15,873
2024-03-01,1313,787732,11600216,14.7,14.85,14.65,14.7,0.05,450
2024-03-04,1313,1418841,20753655,14.7,14.75,14.5,14.5,-0.2,741
2024-03-05,1313,1386627,20011646,14.5,14.55,14.35,14.35,-0.15,775
2024-03-06,1313,847523,12245487,14.5,14.5,14.35,14.5,0.15,494
2024-03-07,1313,1468344,21002807,14.4,14.45,14.25,14.3,-0.2,874
2024-03-08,1313,6711707,92317022,14.05,14.1,13.55,13.65,-0.65,2965
2024-03-11,1313,1636692,22462355,13.6,13.8,13.6,13.75,0.1,678
2024-03-12,1313,1287837,17771122,13.85,13.9,13.7,13.85,0.1,660
2024-03-13,1313,2077398,28293427,13.75,13.75,13.55,13.6,-0.25,1065
2024-03-14,1313,1466995,20013795,13.6,13.75,13.5,13.6,0.0,593
2024-03-15,1313,3000059,39994706,13.6,13.6,13.25,13.25,-0.35,1278
2024-03-18,1313,2247737,29535077,13.2,13.25,13.05,13.2,-0.05,1018
2024-03-19,1313,2456254,32297287,13.35,13.35,13.1,13.15,-0.05,1087
2024-03-20,1313,2158282,28302542,13.2,13.25,13.0,13.1,-0.05,851
2024-03-21,1313,2285995,30617508,13.2,13.5,13.2,13.5,0.4,808
2024-03-22,1313,1549468,20454709,13.3,13.3,13.15,13.2,0.0,666
2024-03-25,1313,1483682,19495847,13.3,13.3,13.05,13.15,-0.05,645
2024-03-26,1313,1143203,15121528,13.1,13.35,13.1,13.2,0.05,563
2024-03-27,1313,1317251,17459193,13.3,13.35,13.15,13.35,0.15,576
2024-03-28,1313,1394050,18468017,13.35,13.35,13.2,13.25,-0.1,574
2024-03-29,1313,605791,8036177,13.25,13.35,13.2,13.25,0.0,334
2024-04-01,1313,1150840,15368394,13.25,13.45,13.25,13.4,0.15,476
2024-04-02,1313,1036564,13859054,13.45,13.45,13.3,13.3,-0.1,518
2024-04-03,1313,681137,9002596,13.35,13.35,13.15,13.15,-0.15,384
2024-04-08,1313,990229,13096882,13.15,13.3,13.15,13.2,0.05,415
2024-04-09,1313,2612709,35428496,13.3,13.65,13.3,13.5,0.3,1093
2024-04-10,1313,2114894,29168516,13.7,13.9,13.65,13.75,0.25,870
2024-04-11,1313,1747132,23797879,13.8,13.85,13.5,13.5,-0.25,675
2024-04-12,1313,795382,10717842,13.5,13.55,13.4,13.5,0.0,442
2024-04-15,1313,886470,12057304,13.45,13.75,13.4,13.55,0.05,464
2024-04-16,1313,1652084,22351705,13.8,13.8,13.4,13.4,-0.15,738
2024-04-17,1313,1005366,13411686,13.4,13.4,13.3,13.35,-0.05,528
2024-04-18,1313,874882,11686762,13.35,13.5,13.25,13.45,0.1,452
2024-04-19,1313,2118159,28227399,13.5,13.7,13.05,13.3,-0.15,883
2024-04-22,1313,1292598,17393624,13.25,13.6,13.2,13.45,0.15,786
2024-04-23,1313,802441,10808509,13.55,13.55,13.4,13.55,0.1,477
2024-04-24,1313,993312,13370941,13.6,13.6,13.4,13.45,-0.1,565
2024-04-25,1313,819366,11019126,13.45,13.55,13.35,13.45,0.0,507
2024-04-26,1313,1321061,17887501,13.45,13.65,13.4,13.6,0.15,663
2024-04-29,1313,3326709,46172731,13.6,14.1,13.6,14.05,0.45,1265
2024-04-30,1313,1946263,26911942,14.05,14.05,13.75,13.75,-0.3,864
2024-05-02,1313,1185204,16452093,13.75,13.95,13.75,13.9,0.15,584
2024-05-03,1313,1137084,15700114,13.9,13.95,13.7,13.7,-0.2,695
2024-05-06,1313,1325027,18146805,13.8,13.8,13.65,13.65,-0.05,532
2024-05-07,1313,1216335,16473570,13.75,13.75,13.45,13.5,-0.15,664
2024-05-08,1313,972752,13106429,13.5,13.55,13.45,13.45,-0.05,401
2024-05-09,1313,3011197,40059639,13.4,13.4,13.2,13.25,-0.2,1107
2024-05-10,1313,1451211,19167436,13.25,13.25,13.15,13.25,0.0,759
2024-05-13,1313,1997393,26554638,13.25,13.45,13.15,13.3,0.05,852
2024-05-14,1313,2646739,35606020,13.35,13.55,13.3,13.35,0.05,990
2024-05-15,1313,2218217,30027894,13.45,13.65,13.45,13.5,0.15,1035
2024-05-16,1313,2444831,33324210,13.6,13.8,13.55,13.6,0.1,978
2024-05-17,1313,974033,13304818,13.65,13.75,13.55,13.6,0.0,592
2024-05-20,1313,1482482,20254400,13.7,13.75,13.55,13.6,0.0,659
2024-05-21,1313,2302066,30886505,13.6,13.6,13.3,13.35,-0.25,1031
2024-05-22,1313,1248715,16692880,13.4,13.45,13.3,13.35,0.0,693
2024-05-23,1313,2403639,31660455,13.3,13.3,13.1,13.15,-0.2,1163
2024-05-24,1313,2032117,26597455,13.1,13.2,13.0,13.1,-0.05,972
2024-05-27,1313,2588096,33618318,13.1,13.1,12.9,13.0,-0.1,1509
2024-05-28,1313,2240573,29520091,13.0,13.35,13.0,13.35,0.35,1032
2024-05-29,1313,1393986,18276342,13.3,13.3,13.05,13.1,-0.25,1075
2024-05-30,1313,1367036,17836603,13.1,13.1,13.0,13.05,-0.05,868
2024-05-31,1313,1467203,19272737,13.05,13.2,13.05,13.2,0.15,749
2024-06-03,1313,2251885,29266389,13.15,13.15,12.9,13.05,-0.15,1320
2024-06-04,1313,4936820,62809838,13.0,13.0,12.6,12.7,-0.35,3395
2024-06-05,1313,3865499,48496474,12.7,12.7,12.45,12.55,-0.15,2971
2024-06-06,1313,3841733,47598840,12.55,12.55,12.3,12.4,-0.15,3775
2024-06-07,1313,1937907,24175575,12.35,12.7,12.25,12.6,0.2,1987
2024-06-11,1313,2030007,25553913,12.6,12.75,12.5,12.5,-0.1,1314
2024-06-12,1313,1282044,15871388,12.5,12.5,12.3,12.35,-0.15,1182
2024-06-13,1313,1541647,18959051,12.4,12.4,12.25,12.25,-0.1,1404
2024-06-14,1313,1052263,12965426,12.25,12.4,12.25,12.35,0.1,959
2024-06-17,1313,1009429,12566305,12.35,12.55,12.3,12.4,0.05,711
2024-06-18,1313,1373167,17009877,12.5,12.5,12.3,12.4,0.0,863
2024-06-19,1313,1448055,17852100,12.4,12.4,12.3,12.3,-0.1,1154
2024-06-20,1313,1189842,14795599,12.3,12.5,12.3,12.45,0.15,1006
2024-06-21,1313,3410397,42919096,12.55,12.7,12.5,12.55,0.1,1497
2024-06-24,1313,1111236,13956004,12.6,12.65,12.5,12.55,0.0,1062
2024-06-25,1313,1238881,15391532,12.65,12.65,12.35,12.45,-0.1,888
2024-06-26,1313,951470,11778044,12.45,12.45,12.3,12.35,-0.1,803
2024-06-27,1313,1500805,18349428,12.3,12.35,12.15,12.25,-0.1,1299
2024-06-28,1313,974231,12008088,12.35,12.4,12.25,12.3,0.05,792
2024-07-01,1313,822758,10091193,12.3,12.35,12.2,12.3,0.0,848
2024-07-02,1313,1454005,17695043,12.3,12.3,12.1,12.1,-0.2,1192
2024-07-03,1313,2811968,34250810,12.1,12.35,12.05,12.3,0.2,3005
2024-07-04,1313,1778768,22044257,12.3,12.5,12.3,12.4,0.1,1269
2024-07-05,1313,1595932,19936246,12.5,12.65,12.3,12.5,0.1,1087
2024-07-08,1313,1361425,17092732,12.6,12.65,12.45,12.45,-0.05,992
2024-07-09,1313,2126405,26213268,12.4,12.45,12.25,12.45,0.0,1193
2024-07-10,1313,1012152,12554596,12.45,12.45,12.35,12.4,-0.05,761
2024-07-11,1313,1909557,23783409,12.45,12.55,12.35,12.55,0.15,1083
2024-07-12,1313,5368497,68304189,12.5,12.9,12.45,12.7,0.15,1943
2024-07-15,1313,1487686,18785743,12.85,12.85,12.55,12.6,-0.1,911
2024-07-16,1313,3896489,48185021,12.6,12.65,12.1,12.3,-0.3,1915
2024-07-17,1313,2953545,37157194,12.35,12.75,12.35,12.65,0.35,1252
2024-07-18,1313,6038838,78024758,12.65,13.05,12.55,12.9,0.25,2189
2024-07-19,1313,3031645,38388212,12.95,13.0,12.5,12.6,-0.3,1504
2024-07-22,1313,2703955,33431203,12.6,12.65,12.15,12.45,-0.15,1383
2024-07-23,1313,972380,12145487,12.55,12.6,12.4,12.5,0.05,694
2024-07-26,1313,1031469,12776225,12.35,12.5,12.25,12.4,-0.1,663
2024-07-29,1313,1689489,21158890,12.55,12.65,12.4,12.45,0.05,684
2024-07-30,1313,877463,10878114,12.45,12.5,12.3,12.5,0.05,525
2024-07-31,1313,1023772,12785003,12.4,12.6,12.35,12.55,0.05,559
2024-08-01,1313,2670857,33841600,12.6,12.8,12.55,12.75,0.2,1127
2024-08-02,1313,1447409,18104098,12.6,12.65,12.4,12.4,-0.35,912
2024-08-05,1313,6227996,71598237,12.25,12.25,11.2,11.25,-1.15,3531
2024-08-06,1313,3549106,39369700,11.45,11.45,10.7,11.2,-0.05,2086
2024-08-07,1313,2714688,30718516,11.15,11.4,11.15,11.3,0.1,1258
2024-08-08,1313,1729983,19237676,11.2,11.3,10.95,11.2,-0.1,1019
2024-08-09,1313,1375869,15614466,11.2,11.45,11.2,11.25,0.05,860
2024-08-12,1313,1178758,13491058,11.3,11.5,11.3,11.45,0.2,565
2024-08-13,1313,786741,8979961,11.5,11.55,11.35,11.4,-0.05,584
2024-08-14,1313,2393843,27873245,11.5,11.8,11.45,11.7,0.3,1131
2024-08-15,1313,1915831,22748664,11.75,11.95,11.7,11.85,0.15,970
2024-08-16,1313,1690293,20294809,12.0,12.1,11.85,12.0,0.15,799
2024-08-19,1313,872187,10406775,12.0,12.05,11.8,11.85,-0.15,637
2024-08-20,1313,1105163,13039454,11.95,12.05,11.7,11.75,-0.1,957
2024-08-21,1313,881163,10458023,11.75,12.0,11.7,11.9,0.15,619
2024-08-22,1313,742973,8859508,11.95,12.0,11.8,11.9,0.0,480
2024-08-23,1313,629498,7450488,11.9,11.95,11.75,11.9,0.0,541
2024-08-26,1313,1100770,13160842,11.9,12.05,11.9,11.9,0.0,783
2024-08-27,1313,981632,11571348,11.9,11.9,11.7,11.85,-0.05,854
2024-08-28,1313,481776,5690963,11.85,11.85,11.8,11.8,-0.05,601
2024-08-29,1313,1063750,12464626,11.75,11.85,11.65,11.75,-0.05,908
2024-08-30,1313,1128769,13388923,11.85,11.95,11.75,11.95,0.2,683
2024-09-02,1313,1115267,13178028,12.0,12.0,11.7,11.7,-0.25,770
2024-09-03,1313,935405,10883648,11.7,11.7,11.55,11.65,-0.05,709
2024-09-04,1313,4200829,46431839,11.4,11.4,10.9,10.95,-0.7,2511
2024-09-05,1313,1616178,17808848,11.0,11.2,10.9,10.9,-0.05,1184
2024-09-06,1313,1343629,14621965,10.95,11.05,10.65,10.9,0.0,1028
2024-09-09,1313,1426796,15326903,10.8,10.95,10.55,10.9,0.0,1157
2024-09-10,1313,1131710,12277264,10.85,10.95,10.75,10.8,-0.1,916
2024-09-11,1313,2323436,25318387,10.75,11.05,10.75,10.85,0.05,959
2024-09-12,1313,1124830,12307324,11.0,11.05,10.8,10.95,0.1,697
2024-09-13,1313,1573158,17661097,10.95,11.35,10.95,11.3,0.35,896
2024-09-16,1313,1446590,16608771,11.3,11.6,11.3,11.5,0.2,791
2024-09-18,1313,1184744,13700764,11.5,11.7,11.45,11.5,0.0,863
2024-09-19,1313,2195172,25259261,11.6,11.7,11.3,11.65,0.15,1226
2024-09-20,1313,6831641,78798588,11.7,11.75,11.3,11.55,-0.1,1344
2024-09-23,1313,1033903,11924721,11.7,11.7,11.45,11.5,-0.05,712
2024-09-24,1313,1995169,22926489,11.55,11.65,11.3,11.6,0.1,783
2024-09-25,1313,1823213,21394523,11.65,11.85,11.6,11.7,0.1,941
2024-09-26,1313,1908890,22156627,11.7,11.8,11.45,11.6,-0.1,997
2024-09-27,1313,13866529,172073739,11.8,12.75,11.8,12.55,0.95,4659
2024-09-30,1313,4746956,58611553,12.6,12.6,12.1,12.35,-0.2,1880
2024-10-01,1313,1823818,22368118,12.35,12.5,12.15,12.4,0.05,904
2024-10-04,1313,2725510,34044077,12.4,12.75,12.35,12.4,0.0,1188
2024-10-07,1313,1935421,23936857,12.35,12.55,12.25,12.45,0.05,916
2024-10-08,1313,1190562,14646283,12.45,12.5,12.2,12.25,-0.2,744
2024-10-09,1313,2249665,26883156,12.3,12.3,11.8,11.8,-0.45,1262
2024-10-11,1313,857132,10139296,11.85,12.0,11.7,11.7,-0.1,651
2024-10-14,1313,734699,8577475,11.75,11.75,11.6,11.7,0.0,574
2024-10-15,1313,969120,11261326,11.8,11.8,11.55,11.55,-0.15,620
2024-10-16,1313,1135760,13019218,11.55,11.6,11.35,11.45,-0.1,775
2024-10-17,1313,930096,10819123,11.45,11.7,11.4,11.7,0.25,561
2024-10-18,1313,715679,8360065,11.75,11.75,11.6,11.7,0.0,492
2024-10-21,1313,790109,9171636,11.8,11.8,11.5,11.6,-0.1,540
2024-10-22,1313,417943,4827784,11.7,11.7,11.5,11.55,-0.05,364
2024-10-23,1313,607422,7024451,11.5,11.65,11.5,11.55,0.0,488
2024-10-24,1313,1691421,19338142,11.5,11.65,11.3,11.5,-0.05,773
2024-10-25,1313,829497,9466346,11.5,11.55,11.35,11.4,-0.1,620
2024-10-28,1313,1115668,12727581,11.5,11.5,11.3,11.45,0.05,672
2024-10-29,1313,1605126,18035889,11.45,11.45,11.15,11.2,-0.25,831
2024-10-30,1313,1896081,21106200,11.3,11.35,11.05,11.1,-0.1,811
2024-11-01,1313,2114821,23558552,11.1,11.4,10.95,11.35,0.25,1224
2024-11-04,1313,536220,6006032,11.3,11.3,11.15,11.15,-0.2,473
2024-11-05,1313,808628,9104184,11.2,11.35,11.2,11.25,0.1,519
2024-11-06,1313,1963616,21950478,11.25,11.45,11.05,11.2,-0.05,855
2024-11-07,1313,876699,10021922,11.15,11.6,11.15,11.45,0.25,564
2024-11-08,1313,1636957,18477803,11.5,11.6,11.15,11.2,-0.25,747
2024-11-11,1313,791484,8795085,11.2,11.25,11.05,11.05,-0.15,610
2024-11-12,1313,2918656,31497933,11.0,11.0,10.7,10.7,-0.35,1688
2024-11-13,1313,2073113,21993549,10.7,10.7,10.5,10.6,-0.1,2154
2024-11-14,1313,2474986,25959518,10.6,10.7,10.4,10.45,-0.15,2156
2024-11-15,1313,908772,9711563,10.6,10.75,10.55,10.75,0.3,599
2024-11-18,1313,1480457,16211091,10.85,11.1,10.75,10.95,0.2,748
2024-11-19,1313,1122686,12328871,10.95,11.1,10.85,11.05,0.1,677
2024-11-20,1313,683469,7456580,11.0,11.0,10.85,10.9,-0.15,591
2024-11-21,1313,718552,7828081,10.85,11.0,10.75,10.85,-0.05,392
2024-11-22,1313,1808508,19625497,10.85,11.05,10.75,10.75,-0.1,821
2024-11-25,1313,1644813,17967028,10.85,11.0,10.8,10.95,0.2,679
2024-11-26,1313,1546099,17119250,11.0,11.25,10.9,11.05,0.1,750
2024-11-27,1313,1208913,13162008,11.0,11.05,10.75,10.75,-0.3,622
2024-11-28,1313,807437,8597342,10.75,10.8,10.55,10.65,-0.1,575
2024-11-29,1313,851735,9064611,10.6,10.75,10.5,10.65,0.0,528
2024-12-02,1313,440940,4693670,10.65,10.8,10.6,10.6,-0.05,395
2024-12-03,1313,630110,6750570,10.65,10.8,10.6,10.75,0.15,505
2024-12-04,1313,591471,6316865,10.75,10.8,10.6,10.65,-0.1,459
2024-12-05,1313,712285,7612906,10.65,10.8,10.65,10.65,0.0,408
2024-12-06,1313,794328,8503659,10.65,10.8,10.6,10.65,0.0,456
2024-12-09,1313,1860443,19498620,10.65,10.65,10.35,10.45,-0.2,1540
2024-12-10,1313,1496675,15831014,10.55,10.8,10.45,10.5,0.05,809
2024-12-11,1313,1235228,12871412,10.5,10.5,10.35,10.4,-0.1,884
2024-12-12,1313,1474287,15185210,10.4,10.45,10.2,10.25,-0.15,1038
2024-12-13,1313,3886514,38860381,10.2,10.25,9.91,9.91,-0.34,2590
2024-12-16,1313,5230446,50312480,9.87,9.87,9.45,9.45,-0.46,3423
2024-12-17,1313,3276774,30595184,9.5,9.5,9.24,9.25,-0.2,2413
2024-12-18,1313,2606965,24178356,9.24,9.44,9.14,9.32,0.07,1825
2024-12-19,1313,2740268,24987312,9.12,9.24,9.04,9.13,-0.19,1994
2024-12-20,1313,2790942,25172826,9.12,9.24,8.92,8.97,-0.16,1943
2024-12-23,1313,1865584,17005637,8.99,9.25,8.99,9.08,0.11,1023
2024-12-24,1313,1008654,9308767,9.14,9.35,9.14,9.17,0.09,704
2024-12-25,1313,1033443,9538371,9.28,9.33,9.13,9.3,0.13,698
2024-12-26,1313,1171104,10927765,9.37,9.47,9.24,9.26,-0.04,667
2024-12-27,1313,960317,8792599,9.27,9.27,9.11,9.14,-0.12,783
2024-12-30,1313,2254118,20189272,9.15,9.15,8.84,8.84,-0.3,1646
2024-12-31,1313,1358602,12045389,8.88,8.95,8.75,8.91,0.07,1032
2025-01-02,1313,1697635,14961223,8.86,8.92,8.74,8.79,-0.12,1287
2025-01-03,1313,1697755,14989779,8.87,9.01,8.71,8.72,-0.07,1064
2025-01-06,1313,2046456,18358678,8.8,9.16,8.71,9.07,0.35,1066
2025-01-07,1313,1768657,15668352,9.1,9.1,8.75,8.77,-0.3,1081
2025-01-08,1313,1941578,16825521,8.73,8.8,8.6,8.67,-0.1,1612
2025-01-09,1313,2073614,17593028,8.67,8.67,8.35,8.37,-0.3,1850
2025-01-10,1313,1101652,9204115,8.33,8.44,8.31,8.35,-0.02,918
2025-01-13,1313,2174199,17915112,8.3,8.38,8.15,8.35,0.0,1559
2025-01-14,1313,2553693,21948662,8.34,8.72,8.34,8.69,0.34,1179
2025-01-15,1313,5102434,45163334,8.68,8.97,8.63,8.77,0.08,2096
2025-01-16,1313,2582572,22792548,8.88,8.97,8.72,8.73,-0.04,1344
2025-01-17,1313,3550334,31687262,8.79,9.05,8.75,8.95,0.22,1435
2025-01-20,1313,2121665,18733605,8.96,8.96,8.75,8.84,-0.11,1147
2025-01-21,1313,1636221,14475527,8.8,8.96,8.78,8.84,0.0,857
2025-01-22,1313,1931272,17098827,8.88,8.91,8.74,8.87,0.03,903
2025-02-03,1313,2149794,18761751,8.86,8.94,8.6,8.7,-0.17,1270
2025-02-04,1313,1051340,9158674,8.8,8.84,8.65,8.65,-0.05,783
2025-02-05,1313,1236731,10823146,8.76,8.92,8.65,8.65,0.0,866
2025-02-06,1313,3463264,30062653,8.76,8.81,8.64,8.7,0.05,1356
2025-02-07,1313,2602814,22211686,8.71,8.73,8.46,8.55,-0.15,1382
2025-02-10,1313,1297577,11156466,8.53,8.68,8.51,8.63,0.08,722
2025-02-11,1313,1491292,12959383,8.64,8.8,8.57,8.58,-0.05,916
2025-02-12,1313,2137691,18704708,8.58,8.85,8.57,8.69,0.11,1061
2025-02-13,1313,4476392,40257942,8.78,9.1,8.66,9.06,0.37,1958
2025-02-14,1313,3128158,28624227,9.12,9.27,8.98,9.26,0.2,1648
2025-02-17,1313,3592190,32908980,9.3,9.3,9.08,9.16,-0.1,2099
2025-02-18,1313,3289979,29532663,9.13,9.13,8.9,8.93,-0.23,2087
2025-02-19,1313,3738989,33534183,8.97,9.12,8.9,9.0,0.07,1909
2025-02-20,1313,2702969,24375326,9.0,9.14,8.93,9.02,0.02,1435
2025-02-21,1313,3461738,31278535,9.01,9.13,8.95,9.04,0.02,1608
2025-02-24,1313,2305217,20899621,9.04,9.14,9.03,9.04,0.0,1113
2025-02-25,1313,6122869,56287984,9.0,9.4,8.94,9.31,0.27,2672
2025-02-26,1313,4155228,37989644,9.29,9.29,9.07,9.11,-0.2,2279
2025-02-27,1313,21924465,196433518,9.1,9.23,8.94,8.94,-0.17,1717
2025-03-03,1313,4503043,40001461,8.92,9.02,8.79,8.84,-0.1,1922
2025-03-04,1313,8093456,70918835,8.79,8.81,8.61,8.8,-0.04,1723
2025-03-05,1313,4621263,41731190,8.79,9.18,8.71,9.14,0.34,1753
2025-03-06,1313,2430188,21927444,9.19,9.2,8.95,8.96,-0.18,1421
2025-03-07,1313,1036469,9306433,8.95,9.03,8.91,8.97,0.01,637
2025-03-10,1313,5834118,54306501,9.01,9.5,9.01,9.45,0.48,2143
2025-03-11,1313,5745759,52246666,9.35,9.35,8.93,9.17,-0.28,2961
2025-03-12,1313,3000512,27283590,9.17,9.19,9.01,9.06,-0.11,1426
2025-03-13,1313,2239924,20266100,9.13,9.15,8.98,8.99,-0.07,898
2025-03-14,1313,3458025,31905834,9.09,9.32,9.09,9.23,0.24,1252
2025-03-17,1313,3713325,34960697,9.26,9.54,9.26,9.41,0.18,1459
2025-03-18,1313,2316283,21809548,9.45,9.5,9.34,9.39,-0.02,1169
2025-03-19,1313,3537037,33696565,9.43,9.65,9.4,9.62,0.23,1420
2025-03-20,1313,4486547,43892329,9.7,9.88,9.63,9.86,0.24,1816
2025-03-21,1313,4715254,45114894,9.86,9.86,9.41,9.44,-0.42,2102
2025-03-24,1313,2115585,20199126,9.44,9.62,9.41,9.59,0.15,755
2025-03-25,1313,2168953,20593802,9.62,9.67,9.38,9.44,-0.15,1013
2025-03-26,1313,1083230,10229802,9.49,9.54,9.38,9.43,-0.01,542
2025-03-27,1313,856314,8081679,9.42,9.5,9.38,9.4,-0.03,511
2025-03-28,1313,2073256,19189516,9.4,9.4,9.2,9.23,-0.17,1071
2025-03-31,1313,2806542,25192132,9.1,9.1,8.89,8.95,-0.28,1228
2025-04-01,1313,1781973,16393055,8.98,9.28,8.98,9.2,0.25,710
2025-04-02,1313,1418417,13059247,9.23,9.29,9.11,9.22,0.02,682
2025-04-07,1313,1227474,10187944,8.3,8.3,8.3,8.3,-0.92,853
2025-04-08,1313,5986708,46681201,7.56,8.11,7.56,8.02,-0.28,2039
2025-04-09,1313,6377045,48287893,7.84,7.88,7.26,7.27,-0.75,2202
2025-04-10,1313,2144387,17063856,7.95,7.99,7.77,7.99,0.72,600
2025-04-11,1313,2699399,21524733,7.78,8.2,7.57,8.19,0.2,1156
2025-04-14,1313,2560888,21260554,8.28,8.49,8.22,8.24,0.05,1166
2025-04-15,1313,1057029,8857692,8.25,8.44,8.25,8.43,0.19,528
2025-04-16,1313,1812457,14956121,8.4,8.4,8.17,8.19,-0.24,953
2025-04-17,1313,1006780,8201469,8.18,8.24,8.08,8.15,-0.04,547
2025-04-18,1313,1189672,9849715,8.15,8.35,8.13,8.33,0.18,527
2025-04-21,1313,1374170,11250639,8.31,8.31,8.13,8.13,-0.2,679
2025-04-22,1313,1272305,10316100,8.08,8.21,7.96,8.05,-0.08,673
2025-04-23,1313,1161019,9539682,8.19,8.27,8.17,8.2,0.15,656
2025-04-24,1313,863131,7103553,8.28,8.32,8.16,8.17,-0.03,393
2025-04-25,1313,611324,5034088,8.22,8.26,8.2,8.23,0.06,355
2025-04-28,1313,1045771,8661406,8.26,8.32,8.25,8.31,0.08,532
2025-04-29,1313,1221642,10235062,8.32,8.45,8.29,8.44,0.13,589
2025-04-30,1313,972989,8119739,8.4,8.43,8.31,8.32,-0.12,611
2025-05-02,1313,1024864,8574463,8.39,8.43,8.31,8.39,0.07,461
2025-05-05,1313,2415688,20809289,8.47,8.73,8.47,8.6,0.21,948
2025-05-06,1313,989927,8491053,8.67,8.71,8.5,8.57,-0.03,567
2025-05-07,1313,793318,6852700,8.57,8.69,8.54,8.66,0.09,486
2025-05-08,1313,1699484,14585157,8.68,8.68,8.54,8.56,-0.1,615
2025-05-09,1313,1095281,9362641,8.54,8.65,8.47,8.58,0.02,507
2025-05-12,1313,1506120,13122213,8.64,8.78,8.64,8.66,0.08,610
2025-05-13,1313,1568829,13459132,8.75,8.75,8.49,8.52,-0.14,721
2025-05-14,1313,1589906,13607444,8.6,8.68,8.49,8.64,0.12,794
2025-05-15,1313,1269178,10821734,8.63,8.63,8.45,8.5,-0.14,568
2025-05-16,1313,1069387,9112760,8.51,8.6,8.44,8.56,0.06,557
2025-05-19,1313,733816,6220917,8.56,8.56,8.42,8.43,-0.13,397
2025-05-20,1313,452682,3842744,8.51,8.53,8.46,8.49,0.06,275
2025-05-21,1313,715666,6056207,8.5,8.54,8.38,8.5,0.01,409
2025-05-22,1313,783288,6560965,8.49,8.49,8.33,8.35,-0.15,600
2025-05-23,1313,385734,3229363,8.33,8.44,8.33,8.41,0.06,239
2025-05-26,1313,787776,6654250,8.43,8.49,8.4,8.44,0.03,470
2025-05-27,1313,937636,7881521,8.43,8.52,8.32,8.32,-0.12,527
2025-05-28,1313,852530,7070990,8.36,8.39,8.24,8.27,-0.05,435
